{"max_resources":[109572,219144,514,112],"name":"Kernel System","children":[{"name":"Board interface","type":"resource","data":[2160,1908,20,0],"details":[{"text":"Platform interface logic.","type":"text"}]},{"name":"Global interconnect","type":"resource","data":[2276,4938,10,0],"details":[{"text":"Global interconnect for 7 global loads and 7 global stores. Reduce number of global loads and stores to simplify global interconnect.","type":"text"},{"text":"See %L for more information","type":"text","links":[{"link":"https://www.altera.com/documentation/mwh1391807516407.html#hnj1476724450050","guide":"Best Practices Guide : Global Memory Interconnect"}]}]},{"name":"PushKernel","total_kernel_resources":[14407,33576,224,9],"debug":[[{"filename":"/home/bahram/Desktop/newFromScratch/SimpleKernel.cl","line":31}]],"type":"function","total_percent":[27.9246,13.1484,15.3214,43.5798,8.03571],"children":[{"detail":[{"text":"Feedback + Cluster logic","type":"text"}],"name":"Data control overhead","type":"resource","data":[681,284,0,0]},{"name":"Function overhead","type":"resource","data":[1587,1734,0,0],"details":[{"text":"Kernel dispatch logic.","type":"text"}]},{"name":"SimpleKernel.cl:31 (heights_block)","type":"resource","data":[33,640,8,0],"details":[{"Total replication":56,"Number of banks":1,"Bank depth":"8 words","Additional information":[{"text":"Requested size 24 bytes, implemented size 1792 bytes, replicated 56 times total, stall-free, 4 reads and 3 writes. ","type":"text"},{"text":"Replicated 14 times to efficiently support multiple simultaneous workgroups. This replication resulted in no increase in actual block RAM usage.","type":"text"},{"text":"Replicated 4 times to efficiently support multiple accesses. To reduce this replication factor, reduce number of read and write accesses.","type":"text"}],"Local memory":"Good but replicated","Implemented size":"1792 bytes","Bank width":"32 bits","Reference":[{"text":"See %L for more information.","type":"text","links":[{"link":"https://www.altera.com/documentation/mwh1391807516407.html#chn1469549457114","guide":"Best Practices Guide : Local Memory"}]}],"Requested size":"24 bytes","Clock":"Running memory at 2x clock to support more concurrent ports","type":"table"}]},{"name":"SimpleKernel.cl:43 (excess_block)","type":"resource","data":[66,1024,12,0],"details":[{"Total replication":72,"Number of banks":"2 (banked on bit 2)","Bank depth":"2 words","Additional information":[{"text":"Requested size 16 bytes, implemented size 1152 bytes, replicated 72 times total, stall-free, 5 reads and 5 writes. ","type":"text"},{"text":"Replicated 24 times to efficiently support multiple simultaneous workgroups. This replication resulted in no increase in actual block RAM usage.","type":"text"},{"text":"Replicated 3 times to efficiently support multiple accesses. To reduce this replication factor, reduce number of read and write accesses.","type":"text"},{"text":"Banked on bit 2 into 2 separate banks.","type":"text"}],"Local memory":"Good but replicated","Implemented size":"1152 bytes","Bank width":"32 bits","Reference":[{"text":"See %L for more information.","type":"text","links":[{"link":"https://www.altera.com/documentation/mwh1391807516407.html#chn1469549457114","guide":"Best Practices Guide : Local Memory"}]}],"Requested size":"16 bytes","Clock":"Running memory at 2x clock to support more concurrent ports","type":"table"}]},{"name":"SimpleKernel.cl:55 (residualFlow_right_block)","type":"resource","data":[65,512,4,0],"details":[{"Total replication":24,"Number of banks":1,"Bank depth":"2 words","Additional information":[{"text":"Requested size 16 bytes, implemented size 384 bytes, replicated 24 times total, stall-free, 2 reads and 2 writes. ","type":"text"},{"text":"Replicated 24 times to efficiently support multiple simultaneous workgroups. This replication resulted in no increase in actual block RAM usage.","type":"text"}],"Local memory":"Optimal","Implemented size":"384 bytes","Bank width":"64 bits","Reference":[{"text":"See %L for more information.","type":"text","links":[{"link":"https://www.altera.com/documentation/mwh1391807516407.html#chn1469549457114","guide":"Best Practices Guide : Local Memory"}]}],"Requested size":"16 bytes","Clock":"Running memory at 2x clock to support more concurrent ports","type":"table"}]},{"name":"SimpleKernel.cl:67 (residualFlow_left_block)","type":"resource","data":[65,512,4,0],"details":[{"Total replication":24,"Number of banks":1,"Bank depth":"2 words","Additional information":[{"text":"Requested size 16 bytes, implemented size 384 bytes, replicated 24 times total, stall-free, 2 reads and 2 writes. ","type":"text"},{"text":"Replicated 24 times to efficiently support multiple simultaneous workgroups. This replication resulted in no increase in actual block RAM usage.","type":"text"}],"Local memory":"Optimal","Implemented size":"384 bytes","Bank width":"64 bits","Reference":[{"text":"See %L for more information.","type":"text","links":[{"link":"https://www.altera.com/documentation/mwh1391807516407.html#chn1469549457114","guide":"Best Practices Guide : Local Memory"}]}],"Requested size":"16 bytes","Clock":"Running memory at 2x clock to support more concurrent ports","type":"table"}]},{"name":"No Source Line","children":[{"count":1,"name":"State","data":[3863,2776,0,0],"debug":[[{"filename":"","line":0}]],"type":"resource"},{"count":1,"name":"64-bit Integer Add","data":[65,0,0,0],"debug":[[{"filename":"","line":0}]],"type":"resource"},{"count":1,"name":"64-bit Integer Multiply","data":[282,279,0,7],"debug":[[{"filename":"","line":0}]],"type":"resource"},{"count":5,"name":"Work-group limiter exit","data":[85,165,0,0],"debug":[[{"filename":"","line":0}]],"type":"resource"}],"type":"resource","data":[4295,3220,0,7]},{"replace_name":"true","debug":[[{"filename":"/home/bahram/Desktop/newFromScratch/SimpleKernel.cl","line":26}]],"name":"/home/bahram/Desktop/newFromScratch/SimpleKernel.cl:26","children":[{"count":1,"name":"32-bit Integer Add","data":[33,0,0,0],"debug":[[{"filename":"/home/bahram/Desktop/newFromScratch/SimpleKernel.cl","line":26}]],"type":"resource"},{"count":1,"name":"32-bit Integer Multiply","data":[65,0,0,2],"debug":[[{"filename":"/home/bahram/Desktop/newFromScratch/SimpleKernel.cl","line":26}]],"type":"resource"}],"data":[98,0,0,2],"type":"resource"},{"replace_name":"true","debug":[[{"filename":"/home/bahram/Desktop/newFromScratch/SimpleKernel.cl","line":80}]],"name":"/home/bahram/Desktop/newFromScratch/SimpleKernel.cl:80","children":[{"count":1,"name":"Load","data":[470,2034,13,0],"debug":[[{"filename":"/home/bahram/Desktop/newFromScratch/SimpleKernel.cl","line":80}]],"type":"resource"},{"count":2,"name":"Store","data":[68,48,0,0],"debug":[[{"filename":"/home/bahram/Desktop/newFromScratch/SimpleKernel.cl","line":80}]],"type":"resource"}],"data":[538,2082,13,0],"type":"resource"},{"replace_name":"true","debug":[[{"filename":"/home/bahram/Desktop/newFromScratch/SimpleKernel.cl","line":82}]],"name":"/home/bahram/Desktop/newFromScratch/SimpleKernel.cl:82","children":[{"count":1,"name":"Integer Compare","data":[35,1,0,0],"debug":[[{"filename":"/home/bahram/Desktop/newFromScratch/SimpleKernel.cl","line":82}]],"type":"resource"}],"data":[35,1,0,0],"type":"resource"},{"replace_name":"true","debug":[[{"filename":"/home/bahram/Desktop/newFromScratch/SimpleKernel.cl","line":83}]],"name":"/home/bahram/Desktop/newFromScratch/SimpleKernel.cl:83","children":[{"count":1,"name":"32-bit Integer Add","data":[33,0,0,0],"debug":[[{"filename":"/home/bahram/Desktop/newFromScratch/SimpleKernel.cl","line":83}]],"type":"resource"},{"count":1,"name":"Load","data":[386,1198,9,0],"debug":[[{"filename":"/home/bahram/Desktop/newFromScratch/SimpleKernel.cl","line":83}]],"type":"resource"},{"count":1,"name":"Select","data":[16,0,0,0],"debug":[[{"filename":"/home/bahram/Desktop/newFromScratch/SimpleKernel.cl","line":83}]],"type":"resource"},{"count":1,"name":"Store","data":[17,12,0,0],"debug":[[{"filename":"/home/bahram/Desktop/newFromScratch/SimpleKernel.cl","line":83}]],"type":"resource"}],"data":[452,1210,9,0],"type":"resource"},{"replace_name":"true","debug":[[{"filename":"/home/bahram/Desktop/newFromScratch/SimpleKernel.cl","line":86}]],"name":"/home/bahram/Desktop/newFromScratch/SimpleKernel.cl:86","children":[{"count":1,"name":"Store","data":[17,12,0,0],"debug":[[{"filename":"/home/bahram/Desktop/newFromScratch/SimpleKernel.cl","line":86}]],"type":"resource"}],"data":[17,12,0,0],"type":"resource"},{"replace_name":"true","debug":[[{"filename":"/home/bahram/Desktop/newFromScratch/SimpleKernel.cl","line":91}]],"name":"/home/bahram/Desktop/newFromScratch/SimpleKernel.cl:91","children":[{"count":1,"name":"Load","data":[470,2034,13,0],"debug":[[{"filename":"/home/bahram/Desktop/newFromScratch/SimpleKernel.cl","line":91}]],"type":"resource"},{"count":2,"name":"Store","data":[68,48,0,0],"debug":[[{"filename":"/home/bahram/Desktop/newFromScratch/SimpleKernel.cl","line":91}]],"type":"resource"}],"data":[538,2082,13,0],"type":"resource"},{"replace_name":"true","debug":[[{"filename":"/home/bahram/Desktop/newFromScratch/SimpleKernel.cl","line":96}]],"name":"/home/bahram/Desktop/newFromScratch/SimpleKernel.cl:96","children":[{"count":1,"name":"Load","data":[470,2034,13,0],"debug":[[{"filename":"/home/bahram/Desktop/newFromScratch/SimpleKernel.cl","line":96}]],"type":"resource"},{"count":1,"name":"Store","data":[34,24,0,0],"debug":[[{"filename":"/home/bahram/Desktop/newFromScratch/SimpleKernel.cl","line":96}]],"type":"resource"}],"data":[504,2058,13,0],"type":"resource"},{"replace_name":"true","debug":[[{"filename":"/home/bahram/Desktop/newFromScratch/SimpleKernel.cl","line":101}]],"name":"/home/bahram/Desktop/newFromScratch/SimpleKernel.cl:101","children":[{"count":1,"name":"32-bit Integer Add","data":[33,0,0,0],"debug":[[{"filename":"/home/bahram/Desktop/newFromScratch/SimpleKernel.cl","line":101}]],"type":"resource"},{"count":1,"name":"Load","data":[799,2651,16,0],"debug":[[{"filename":"/home/bahram/Desktop/newFromScratch/SimpleKernel.cl","line":101}]],"type":"resource"},{"count":1,"name":"Store","data":[34,24,0,0],"debug":[[{"filename":"/home/bahram/Desktop/newFromScratch/SimpleKernel.cl","line":101}]],"type":"resource"}],"data":[866,2675,16,0],"type":"resource"},{"replace_name":"true","debug":[[{"filename":"/home/bahram/Desktop/newFromScratch/SimpleKernel.cl","line":110}]],"name":"/home/bahram/Desktop/newFromScratch/SimpleKernel.cl:110","children":[{"count":1,"name":"Load","data":[42,73,0,0],"debug":[[{"filename":"/home/bahram/Desktop/newFromScratch/SimpleKernel.cl","line":110}]],"type":"resource"}],"data":[42,73,0,0],"type":"resource"},{"replace_name":"true","debug":[[{"filename":"/home/bahram/Desktop/newFromScratch/SimpleKernel.cl","line":111}]],"name":"/home/bahram/Desktop/newFromScratch/SimpleKernel.cl:111","children":[{"count":1,"name":"Load","data":[32,41,0,0],"debug":[[{"filename":"/home/bahram/Desktop/newFromScratch/SimpleKernel.cl","line":111}]],"type":"resource"}],"data":[32,41,0,0],"type":"resource"},{"replace_name":"true","debug":[[{"filename":"/home/bahram/Desktop/newFromScratch/SimpleKernel.cl","line":112}]],"name":"/home/bahram/Desktop/newFromScratch/SimpleKernel.cl:112","children":[{"count":2,"name":"Load","data":[64,82,0,0],"debug":[[{"filename":"/home/bahram/Desktop/newFromScratch/SimpleKernel.cl","line":112}]],"type":"resource"},{"count":2,"name":"Select","data":[29,16,0,0],"debug":[[{"filename":"/home/bahram/Desktop/newFromScratch/SimpleKernel.cl","line":112}]],"type":"resource"}],"data":[93,98,0,0],"type":"resource"},{"replace_name":"true","debug":[[{"filename":"/home/bahram/Desktop/newFromScratch/SimpleKernel.cl","line":113}]],"name":"/home/bahram/Desktop/newFromScratch/SimpleKernel.cl:113","children":[{"count":2,"name":"32-bit Integer Add","data":[66,0,0,0],"debug":[[{"filename":"/home/bahram/Desktop/newFromScratch/SimpleKernel.cl","line":113}]],"type":"resource"},{"count":8,"name":"And","data":[1,1,0,0],"debug":[[{"filename":"/home/bahram/Desktop/newFromScratch/SimpleKernel.cl","line":113}]],"type":"resource"},{"count":10,"name":"Integer Compare","data":[206,10,0,0],"debug":[[{"filename":"/home/bahram/Desktop/newFromScratch/SimpleKernel.cl","line":113}]],"type":"resource"},{"count":4,"name":"Load","data":[104,164,0,0],"debug":[[{"filename":"/home/bahram/Desktop/newFromScratch/SimpleKernel.cl","line":113}]],"type":"resource"}],"data":[377,175,0,0],"type":"resource"},{"replace_name":"true","debug":[[{"filename":"/home/bahram/Desktop/newFromScratch/SimpleKernel.cl","line":117}]],"name":"/home/bahram/Desktop/newFromScratch/SimpleKernel.cl:117","children":[{"count":2,"name":"Integer Compare","data":[70,2,0,0],"debug":[[{"filename":"/home/bahram/Desktop/newFromScratch/SimpleKernel.cl","line":117}]],"type":"resource"},{"count":2,"name":"Select","data":[64,64,0,0],"debug":[[{"filename":"/home/bahram/Desktop/newFromScratch/SimpleKernel.cl","line":117}]],"type":"resource"}],"data":[134,66,0,0],"type":"resource"},{"replace_name":"true","debug":[[{"filename":"/home/bahram/Desktop/newFromScratch/SimpleKernel.cl","line":119}]],"name":"/home/bahram/Desktop/newFromScratch/SimpleKernel.cl:119","children":[{"count":2,"name":"32-bit Integer Subtract","data":[66,0,0,0],"debug":[[{"filename":"/home/bahram/Desktop/newFromScratch/SimpleKernel.cl","line":119}]],"type":"resource"},{"count":1,"name":"Store","data":[34,24,0,0],"debug":[[{"filename":"/home/bahram/Desktop/newFromScratch/SimpleKernel.cl","line":119}]],"type":"resource"}],"data":[100,24,0,0],"type":"resource"},{"replace_name":"true","debug":[[{"filename":"/home/bahram/Desktop/newFromScratch/SimpleKernel.cl","line":120}]],"name":"/home/bahram/Desktop/newFromScratch/SimpleKernel.cl:120","children":[{"count":2,"name":"32-bit Integer Subtract","data":[66,0,0,0],"debug":[[{"filename":"/home/bahram/Desktop/newFromScratch/SimpleKernel.cl","line":120}]],"type":"resource"},{"count":2,"name":"Store","data":[68,48,0,0],"debug":[[{"filename":"/home/bahram/Desktop/newFromScratch/SimpleKernel.cl","line":120}]],"type":"resource"}],"data":[134,48,0,0],"type":"resource"},{"replace_name":"true","debug":[[{"filename":"/home/bahram/Desktop/newFromScratch/SimpleKernel.cl","line":123}]],"name":"/home/bahram/Desktop/newFromScratch/SimpleKernel.cl:123","children":[{"count":2,"name":"32-bit Integer Add","data":[66,0,0,0],"debug":[[{"filename":"/home/bahram/Desktop/newFromScratch/SimpleKernel.cl","line":123}]],"type":"resource"},{"count":1,"name":"Load","data":[42,73,0,0],"debug":[[{"filename":"/home/bahram/Desktop/newFromScratch/SimpleKernel.cl","line":123}]],"type":"resource"},{"count":1,"name":"Store","data":[34,24,0,0],"debug":[[{"filename":"/home/bahram/Desktop/newFromScratch/SimpleKernel.cl","line":123}]],"type":"resource"}],"data":[142,97,0,0],"type":"resource"},{"replace_name":"true","debug":[[{"filename":"/home/bahram/Desktop/newFromScratch/SimpleKernel.cl","line":125}]],"name":"/home/bahram/Desktop/newFromScratch/SimpleKernel.cl:125","children":[{"count":2,"name":"32-bit Integer Add","data":[66,0,0,0],"debug":[[{"filename":"/home/bahram/Desktop/newFromScratch/SimpleKernel.cl","line":125}]],"type":"resource"},{"count":2,"name":"Select","data":[29,16,0,0],"debug":[[{"filename":"/home/bahram/Desktop/newFromScratch/SimpleKernel.cl","line":125}]],"type":"resource"},{"count":1,"name":"Store","data":[34,24,0,0],"debug":[[{"filename":"/home/bahram/Desktop/newFromScratch/SimpleKernel.cl","line":125}]],"type":"resource"}],"data":[129,40,0,0],"type":"resource"},{"replace_name":"true","debug":[[{"filename":"/home/bahram/Desktop/newFromScratch/SimpleKernel.cl","line":130}]],"name":"/home/bahram/Desktop/newFromScratch/SimpleKernel.cl:130","children":[{"count":1,"name":"32-bit Integer Add","data":[33,0,0,0],"debug":[[{"filename":"/home/bahram/Desktop/newFromScratch/SimpleKernel.cl","line":130}]],"type":"resource"},{"count":1,"name":"Store","data":[366,2128,16,0],"debug":[[{"filename":"/home/bahram/Desktop/newFromScratch/SimpleKernel.cl","line":130}]],"type":"resource"}],"data":[399,2128,16,0],"type":"resource"},{"replace_name":"true","debug":[[{"filename":"/home/bahram/Desktop/newFromScratch/SimpleKernel.cl","line":133}]],"name":"/home/bahram/Desktop/newFromScratch/SimpleKernel.cl:133","children":[{"count":2,"name":"32-bit Integer Add","data":[33,0,0,0],"debug":[[{"filename":"/home/bahram/Desktop/newFromScratch/SimpleKernel.cl","line":133}]],"type":"resource"},{"count":2,"name":"32-bit Integer Subtract","data":[33,0,0,0],"debug":[[{"filename":"/home/bahram/Desktop/newFromScratch/SimpleKernel.cl","line":133}]],"type":"resource"},{"count":4,"name":"And","data":[1,1,0,0],"debug":[[{"filename":"/home/bahram/Desktop/newFromScratch/SimpleKernel.cl","line":133}]],"type":"resource"},{"count":2,"name":"Integer Compare","data":[22,2,0,0],"debug":[[{"filename":"/home/bahram/Desktop/newFromScratch/SimpleKernel.cl","line":133}]],"type":"resource"},{"count":2,"name":"Load","data":[308.5,489,9.5,0],"debug":[[{"filename":"/home/bahram/Desktop/newFromScratch/SimpleKernel.cl","line":133}]],"type":"resource"},{"count":2,"name":"Select","data":[29,16,0,0],"debug":[[{"filename":"/home/bahram/Desktop/newFromScratch/SimpleKernel.cl","line":133}]],"type":"resource"},{"count":2,"name":"Store","data":[294,1622,16.5,0],"debug":[[{"filename":"/home/bahram/Desktop/newFromScratch/SimpleKernel.cl","line":133}]],"type":"resource"}],"data":[720.5,2130,26,0],"type":"resource"},{"replace_name":"true","debug":[[{"filename":"/home/bahram/Desktop/newFromScratch/SimpleKernel.cl","line":134}]],"name":"/home/bahram/Desktop/newFromScratch/SimpleKernel.cl:134","children":[{"count":2,"name":"32-bit Integer Add","data":[33,0,0,0],"debug":[[{"filename":"/home/bahram/Desktop/newFromScratch/SimpleKernel.cl","line":134}]],"type":"resource"},{"count":2,"name":"32-bit Integer Subtract","data":[33,0,0,0],"debug":[[{"filename":"/home/bahram/Desktop/newFromScratch/SimpleKernel.cl","line":134}]],"type":"resource"},{"count":4,"name":"And","data":[1,1,0,0],"debug":[[{"filename":"/home/bahram/Desktop/newFromScratch/SimpleKernel.cl","line":134}]],"type":"resource"},{"count":2,"name":"Integer Compare","data":[22,2,0,0],"debug":[[{"filename":"/home/bahram/Desktop/newFromScratch/SimpleKernel.cl","line":134}]],"type":"resource"},{"count":2,"name":"Load","data":[308.5,489,9.5,0],"debug":[[{"filename":"/home/bahram/Desktop/newFromScratch/SimpleKernel.cl","line":134}]],"type":"resource"},{"count":2,"name":"Select","data":[29,16,0,0],"debug":[[{"filename":"/home/bahram/Desktop/newFromScratch/SimpleKernel.cl","line":134}]],"type":"resource"},{"count":2,"name":"Store","data":[294,1622,16.5,0],"debug":[[{"filename":"/home/bahram/Desktop/newFromScratch/SimpleKernel.cl","line":134}]],"type":"resource"}],"data":[720.5,2130,26,0],"type":"resource"},{"replace_name":"true","debug":[[{"filename":"/home/bahram/Desktop/newFromScratch/SimpleKernel.cl","line":141}]],"name":"/home/bahram/Desktop/newFromScratch/SimpleKernel.cl:141","children":[{"count":2,"name":"Load","data":[64,82,0,0],"debug":[[{"filename":"/home/bahram/Desktop/newFromScratch/SimpleKernel.cl","line":141}]],"type":"resource"},{"count":1,"name":"Store","data":[354,2172,16,0],"debug":[[{"filename":"/home/bahram/Desktop/newFromScratch/SimpleKernel.cl","line":141}]],"type":"resource"}],"data":[418,2254,16,0],"type":"resource"},{"replace_name":"true","debug":[[{"filename":"/home/bahram/Desktop/newFromScratch/SimpleKernel.cl","line":142}]],"name":"/home/bahram/Desktop/newFromScratch/SimpleKernel.cl:142","children":[{"count":1,"name":"Load","data":[42,73,0,0],"debug":[[{"filename":"/home/bahram/Desktop/newFromScratch/SimpleKernel.cl","line":142}]],"type":"resource"},{"count":1,"name":"Store","data":[354,2172,16,0],"debug":[[{"filename":"/home/bahram/Desktop/newFromScratch/SimpleKernel.cl","line":142}]],"type":"resource"}],"data":[396,2245,16,0],"type":"resource"},{"replace_name":"true","debug":[[{"filename":"/home/bahram/Desktop/newFromScratch/SimpleKernel.cl","line":143}]],"name":"/home/bahram/Desktop/newFromScratch/SimpleKernel.cl:143","children":[{"count":1,"name":"Load","data":[42,73,0,0],"debug":[[{"filename":"/home/bahram/Desktop/newFromScratch/SimpleKernel.cl","line":143}]],"type":"resource"},{"count":2,"name":"Store","data":[688,3908,32,0],"debug":[[{"filename":"/home/bahram/Desktop/newFromScratch/SimpleKernel.cl","line":143}]],"type":"resource"}],"data":[730,3981,32,0],"type":"resource"}],"data":[14407,33576,224,9],"details":[{"text":"Number of compute units: 1","type":"text"}],"compute_units":1}],"data":[18843,40422,254,9],"total_percent":[34.7697,17.1969,18.4454,49.4163,8.03571],"total":[18843,40422,254,9],"debug_enabled":"true","columns":["","ALUTs","FFs","RAMs","DSPs","Details"],"type":"module"}