{
  "columns":
  ["", "ALUTs", "FFs", "RAMs", "DSPs", "Details"]
  , "debug_enabled":"true"
  , "type":"module"
  , "total_percent":
  [34.7697, 17.1969, 18.4454, 49.4163, 8.03571]
  , "total":
  [18843, 40422, 254, 9]
  , "name":"Kernel System"
  , "max_resources":
  [109572, 219144, 514, 112]
  , "children":
  [
    {
      "name":"Board interface"
      , "type":"resource"
      , "data":
      [2160, 1908, 20, 0]
      , "details":
      [
        {
          "type":"text"
          , "text":"Platform interface logic."
        }
      ]
    }
    , {
      "name":"Global interconnect"
      , "type":"resource"
      , "data":
      [2276, 4938, 10, 0]
      , "details":
      [
        {
          "type":"text"
          , "text":"Global interconnect for 7 global loads and 7 global stores. Reduce number of global loads and stores to simplify global interconnect."
        }
        , {
          "type":"text"
          , "text":"See %L for more information"
          , "links":
          [
            {
              "guide":"Best Practices Guide : Global Memory Interconnect"
              , "link":"https://www.altera.com/documentation/mwh1391807516407.html#hnj1476724450050"
            }
          ]
        }
      ]
    }
    , {
      "name":"PushKernel"
      , "compute_units":1
      , "type":"function"
      , "total_percent":
      [27.9246, 13.1484, 15.3214, 43.5798, 8.03571]
      , "total_kernel_resources":
      [14407, 33576, 224, 9]
      , "details":
      [
        {
          "type":"text"
          , "text":"Number of compute units: 1"
        }
      ]
      , "children":
      [
        {
          "name":"Function overhead"
          , "type":"resource"
          , "data":
          [1587, 1734, 0, 0]
          , "details":
          [
            {
              "type":"text"
              , "text":"Kernel dispatch logic."
            }
          ]
        }
        , {
          "name":"SimpleKernel.cl:31 (heights_block)"
          , "type":"resource"
          , "data":
          [33, 640, 8, 0]
          , "debug":
          [
            [
              {
                "filename":"/home/bahram/Desktop/newFromScratch/SimpleKernel.cl"
                , "line":31
              }
            ]
          ]
          , "details":
          [
            {
              "type":"table"
              , "Local memory":"Good but replicated"
              , "Requested size":"24 bytes"
              , "Implemented size":"1792 bytes"
              , "Number of banks":"1"
              , "Bank width":"32 bits"
              , "Bank depth":"8 words"
              , "Total replication":"56"
              , "Clock":"Running memory at 2x clock to support more concurrent ports"
              , "Additional information":
              [
                {
                  "type":"text"
                  , "text":"Requested size 24 bytes, implemented size 1792 bytes, replicated 56 times total, stall-free, 4 reads and 3 writes. "
                }
                , {
                  "type":"text"
                  , "text":"Replicated 14 times to efficiently support multiple simultaneous workgroups. This replication resulted in no increase in actual block RAM usage."
                }
                , {
                  "type":"text"
                  , "text":"Replicated 4 times to efficiently support multiple accesses. To reduce this replication factor, reduce number of read and write accesses."
                }
              ]
              , "Reference":
              [
                {
                  "type":"text"
                  , "text":"See %L for more information."
                  , "links":
                  [
                    {
                      "guide":"Best Practices Guide : Local Memory"
                      , "link":"https://www.altera.com/documentation/mwh1391807516407.html#chn1469549457114"
                    }
                  ]
                }
              ]
            }
          ]
        }
        , {
          "name":"SimpleKernel.cl:43 (excess_block)"
          , "type":"resource"
          , "data":
          [66, 1024, 12, 0]
          , "debug":
          [
            [
              {
                "filename":"/home/bahram/Desktop/newFromScratch/SimpleKernel.cl"
                , "line":43
              }
            ]
          ]
          , "details":
          [
            {
              "type":"table"
              , "Local memory":"Good but replicated"
              , "Requested size":"16 bytes"
              , "Implemented size":"1152 bytes"
              , "Number of banks":"2 (banked on bit 2)"
              , "Bank width":"32 bits"
              , "Bank depth":"2 words"
              , "Total replication":"72"
              , "Clock":"Running memory at 2x clock to support more concurrent ports"
              , "Additional information":
              [
                {
                  "type":"text"
                  , "text":"Requested size 16 bytes, implemented size 1152 bytes, replicated 72 times total, stall-free, 5 reads and 5 writes. "
                }
                , {
                  "type":"text"
                  , "text":"Replicated 24 times to efficiently support multiple simultaneous workgroups. This replication resulted in no increase in actual block RAM usage."
                }
                , {
                  "type":"text"
                  , "text":"Replicated 3 times to efficiently support multiple accesses. To reduce this replication factor, reduce number of read and write accesses."
                }
                , {
                  "type":"text"
                  , "text":"Banked on bit 2 into 2 separate banks."
                }
              ]
              , "Reference":
              [
                {
                  "type":"text"
                  , "text":"See %L for more information."
                  , "links":
                  [
                    {
                      "guide":"Best Practices Guide : Local Memory"
                      , "link":"https://www.altera.com/documentation/mwh1391807516407.html#chn1469549457114"
                    }
                  ]
                }
              ]
            }
          ]
        }
        , {
          "name":"SimpleKernel.cl:55 (residualFlow_right_block)"
          , "type":"resource"
          , "data":
          [65, 512, 4, 0]
          , "debug":
          [
            [
              {
                "filename":"/home/bahram/Desktop/newFromScratch/SimpleKernel.cl"
                , "line":55
              }
            ]
          ]
          , "details":
          [
            {
              "type":"table"
              , "Local memory":"Optimal"
              , "Requested size":"16 bytes"
              , "Implemented size":"384 bytes"
              , "Number of banks":"1"
              , "Bank width":"64 bits"
              , "Bank depth":"2 words"
              , "Total replication":"24"
              , "Clock":"Running memory at 2x clock to support more concurrent ports"
              , "Additional information":
              [
                {
                  "type":"text"
                  , "text":"Requested size 16 bytes, implemented size 384 bytes, replicated 24 times total, stall-free, 2 reads and 2 writes. "
                }
                , {
                  "type":"text"
                  , "text":"Replicated 24 times to efficiently support multiple simultaneous workgroups. This replication resulted in no increase in actual block RAM usage."
                }
              ]
              , "Reference":
              [
                {
                  "type":"text"
                  , "text":"See %L for more information."
                  , "links":
                  [
                    {
                      "guide":"Best Practices Guide : Local Memory"
                      , "link":"https://www.altera.com/documentation/mwh1391807516407.html#chn1469549457114"
                    }
                  ]
                }
              ]
            }
          ]
        }
        , {
          "name":"SimpleKernel.cl:67 (residualFlow_left_block)"
          , "type":"resource"
          , "data":
          [65, 512, 4, 0]
          , "debug":
          [
            [
              {
                "filename":"/home/bahram/Desktop/newFromScratch/SimpleKernel.cl"
                , "line":67
              }
            ]
          ]
          , "details":
          [
            {
              "type":"table"
              , "Local memory":"Optimal"
              , "Requested size":"16 bytes"
              , "Implemented size":"384 bytes"
              , "Number of banks":"1"
              , "Bank width":"64 bits"
              , "Bank depth":"2 words"
              , "Total replication":"24"
              , "Clock":"Running memory at 2x clock to support more concurrent ports"
              , "Additional information":
              [
                {
                  "type":"text"
                  , "text":"Requested size 16 bytes, implemented size 384 bytes, replicated 24 times total, stall-free, 2 reads and 2 writes. "
                }
                , {
                  "type":"text"
                  , "text":"Replicated 24 times to efficiently support multiple simultaneous workgroups. This replication resulted in no increase in actual block RAM usage."
                }
              ]
              , "Reference":
              [
                {
                  "type":"text"
                  , "text":"See %L for more information."
                  , "links":
                  [
                    {
                      "guide":"Best Practices Guide : Local Memory"
                      , "link":"https://www.altera.com/documentation/mwh1391807516407.html#chn1469549457114"
                    }
                  ]
                }
              ]
            }
          ]
        }
        , {
          "name":"PushKernel.B0"
          , "type":"basicblock"
          , "children":
          [
            {
              "name":"State"
              , "type":"resource"
              , "data":
              [3863, 2776, 0, 0]
              , "details":
              [
                {
                  "type":"text"
                  , "text":"Resources for live values and control logic. To reduce this area:"
                  , "details":
                  [
                    {
                      "type":"text"
                      , "text":"reduce size of local variables"
                    }
                    , {
                      "type":"text"
                      , "text":"reduce scope of local variables, localizing them as much as possible"
                    }
                    , {
                      "type":"text"
                      , "text":"reduce number of nested loops"
                    }
                  ]
                }
              ]
              , "children":
              [
                {
                  "name":"No Source Line"
                  , "type":"resource"
                  , "data":
                  [3863, 2776, 0, 0]
                }
              ]
            }
            , {
              "name":"Cluster logic"
              , "type":"resource"
              , "data":
              [681, 284, 0, 0]
              , "details":
              [
                {
                  "type":"text"
                  , "text":"Logic required to efficiently support sets of operations that do not stall. This area cannot be affected directly."
                }
              ]
            }
            , {
              "name":"Computation"
              , "type":"resource"
              , "children":
              [
                {
                  "name":"No Source Line"
                  , "type":"resource"
                  , "data":
                  [432, 444, 0, 7]
                  , "debug":
                  [
                    [
                      {
                        "filename":""
                        , "line":0
                      }
                    ]
                  ]
                  , "children":
                  [
                    {
                      "name":"64-bit Integer Add"
                      , "type":"resource"
                      , "count":1
                      , "data":
                      [65, 0, 0, 0]
                    }
                    , {
                      "name":"64-bit Integer Multiply"
                      , "type":"resource"
                      , "count":1
                      , "data":
                      [282, 279, 0, 7]
                    }
                    , {
                      "name":"Work-group limiter exit"
                      , "type":"resource"
                      , "count":5
                      , "data":
                      [85, 165, 0, 0]
                    }
                  ]
                }
                , {
                  "name":"SimpleKernel.cl:26"
                  , "type":"resource"
                  , "data":
                  [98, 0, 0, 2]
                  , "debug":
                  [
                    [
                      {
                        "filename":"/home/bahram/Desktop/newFromScratch/SimpleKernel.cl"
                        , "line":26
                      }
                    ]
                  ]
                  , "children":
                  [
                    {
                      "name":"32-bit Integer Add"
                      , "type":"resource"
                      , "count":1
                      , "data":
                      [33, 0, 0, 0]
                    }
                    , {
                      "name":"32-bit Integer Multiply"
                      , "type":"resource"
                      , "count":1
                      , "data":
                      [65, 0, 0, 2]
                    }
                  ]
                  , "replace_name":"true"
                }
                , {
                  "name":"SimpleKernel.cl:80"
                  , "type":"resource"
                  , "data":
                  [538, 2082, 13, 0]
                  , "debug":
                  [
                    [
                      {
                        "filename":"/home/bahram/Desktop/newFromScratch/SimpleKernel.cl"
                        , "line":80
                      }
                    ]
                  ]
                  , "children":
                  [
                    {
                      "name":"Load"
                      , "type":"resource"
                      , "count":1
                      , "data":
                      [470, 2034, 13, 0]
                      , "details":
                      [
                        {
                          "type":"text"
                          , "text":"Load uses a Burst-coalesced LSU"
                        }
                      ]
                    }
                    , {
                      "name":"Store"
                      , "type":"resource"
                      , "count":2
                      , "data":
                      [68, 48, 0, 0]
                      , "details":
                      [
                        {
                          "type":"text"
                          , "text":"Store uses a Local-pipelined never-stall LSU"
                        }
                        , {
                          "type":"text"
                          , "text":"Stall-free write to memory declared on SimpleKernel.cl:31."
                        }
                        , {
                          "type":"text"
                          , "text":"See %L for more information"
                          , "links":
                          [
                            {
                              "guide":"Best Practices Guide : Load-Store Units"
                              , "link":"https://www.altera.com/documentation/mwh1391807516407.html#yeo1491314105959"
                            }
                          ]
                        }
                      ]
                    }
                  ]
                  , "replace_name":"true"
                }
                , {
                  "name":"SimpleKernel.cl:82"
                  , "type":"resource"
                  , "data":
                  [35, 1, 0, 0]
                  , "debug":
                  [
                    [
                      {
                        "filename":"/home/bahram/Desktop/newFromScratch/SimpleKernel.cl"
                        , "line":82
                      }
                    ]
                  ]
                  , "children":
                  [
                    {
                      "name":"Integer Compare"
                      , "type":"resource"
                      , "count":1
                      , "data":
                      [35, 1, 0, 0]
                    }
                  ]
                  , "replace_name":"true"
                }
                , {
                  "name":"SimpleKernel.cl:83"
                  , "type":"resource"
                  , "data":
                  [452, 1210, 9, 0]
                  , "debug":
                  [
                    [
                      {
                        "filename":"/home/bahram/Desktop/newFromScratch/SimpleKernel.cl"
                        , "line":83
                      }
                    ]
                  ]
                  , "children":
                  [
                    {
                      "name":"32-bit Integer Add"
                      , "type":"resource"
                      , "count":1
                      , "data":
                      [33, 0, 0, 0]
                    }
                    , {
                      "name":"Load"
                      , "type":"resource"
                      , "count":1
                      , "data":
                      [386, 1198, 9, 0]
                      , "details":
                      [
                        {
                          "type":"text"
                          , "text":"Load uses a Burst-coalesced LSU"
                        }
                      ]
                    }
                    , {
                      "name":"Select"
                      , "type":"resource"
                      , "count":1
                      , "data":
                      [16, 0, 0, 0]
                    }
                    , {
                      "name":"Store"
                      , "type":"resource"
                      , "count":1
                      , "data":
                      [17, 12, 0, 0]
                      , "details":
                      [
                        {
                          "type":"text"
                          , "text":"Store uses a Local-pipelined never-stall LSU"
                        }
                        , {
                          "type":"text"
                          , "text":"Stall-free write to memory declared on SimpleKernel.cl:31."
                        }
                        , {
                          "type":"text"
                          , "text":"See %L for more information"
                          , "links":
                          [
                            {
                              "guide":"Best Practices Guide : Load-Store Units"
                              , "link":"https://www.altera.com/documentation/mwh1391807516407.html#yeo1491314105959"
                            }
                          ]
                        }
                      ]
                    }
                  ]
                  , "replace_name":"true"
                }
                , {
                  "name":"SimpleKernel.cl:86"
                  , "type":"resource"
                  , "data":
                  [17, 12, 0, 0]
                  , "debug":
                  [
                    [
                      {
                        "filename":"/home/bahram/Desktop/newFromScratch/SimpleKernel.cl"
                        , "line":86
                      }
                    ]
                  ]
                  , "children":
                  [
                    {
                      "name":"Store"
                      , "type":"resource"
                      , "count":1
                      , "data":
                      [17, 12, 0, 0]
                      , "details":
                      [
                        {
                          "type":"text"
                          , "text":"Store uses a Local-pipelined never-stall LSU"
                        }
                        , {
                          "type":"text"
                          , "text":"Stall-free write to memory declared on SimpleKernel.cl:31."
                        }
                        , {
                          "type":"text"
                          , "text":"See %L for more information"
                          , "links":
                          [
                            {
                              "guide":"Best Practices Guide : Load-Store Units"
                              , "link":"https://www.altera.com/documentation/mwh1391807516407.html#yeo1491314105959"
                            }
                          ]
                        }
                      ]
                    }
                  ]
                  , "replace_name":"true"
                }
                , {
                  "name":"SimpleKernel.cl:91"
                  , "type":"resource"
                  , "data":
                  [538, 2082, 13, 0]
                  , "debug":
                  [
                    [
                      {
                        "filename":"/home/bahram/Desktop/newFromScratch/SimpleKernel.cl"
                        , "line":91
                      }
                    ]
                  ]
                  , "children":
                  [
                    {
                      "name":"Load"
                      , "type":"resource"
                      , "count":1
                      , "data":
                      [470, 2034, 13, 0]
                      , "details":
                      [
                        {
                          "type":"text"
                          , "text":"Load uses a Burst-coalesced LSU"
                        }
                      ]
                    }
                    , {
                      "name":"Store"
                      , "type":"resource"
                      , "count":2
                      , "data":
                      [68, 48, 0, 0]
                      , "details":
                      [
                        {
                          "type":"text"
                          , "text":"Store uses a Local-pipelined never-stall LSU"
                        }
                        , {
                          "type":"text"
                          , "text":"Stall-free write to memory declared on SimpleKernel.cl:43."
                        }
                        , {
                          "type":"text"
                          , "text":"See %L for more information"
                          , "links":
                          [
                            {
                              "guide":"Best Practices Guide : Load-Store Units"
                              , "link":"https://www.altera.com/documentation/mwh1391807516407.html#yeo1491314105959"
                            }
                          ]
                        }
                      ]
                    }
                  ]
                  , "replace_name":"true"
                }
                , {
                  "name":"SimpleKernel.cl:96"
                  , "type":"resource"
                  , "data":
                  [504, 2058, 13, 0]
                  , "debug":
                  [
                    [
                      {
                        "filename":"/home/bahram/Desktop/newFromScratch/SimpleKernel.cl"
                        , "line":96
                      }
                    ]
                  ]
                  , "children":
                  [
                    {
                      "name":"Load"
                      , "type":"resource"
                      , "count":1
                      , "data":
                      [470, 2034, 13, 0]
                      , "details":
                      [
                        {
                          "type":"text"
                          , "text":"Load uses a Burst-coalesced LSU"
                        }
                      ]
                    }
                    , {
                      "name":"Store"
                      , "type":"resource"
                      , "count":1
                      , "data":
                      [34, 24, 0, 0]
                      , "details":
                      [
                        {
                          "type":"text"
                          , "text":"Store uses a Local-pipelined never-stall LSU"
                        }
                        , {
                          "type":"text"
                          , "text":"Stall-free write to memory declared on SimpleKernel.cl:55."
                        }
                        , {
                          "type":"text"
                          , "text":"See %L for more information"
                          , "links":
                          [
                            {
                              "guide":"Best Practices Guide : Load-Store Units"
                              , "link":"https://www.altera.com/documentation/mwh1391807516407.html#yeo1491314105959"
                            }
                          ]
                        }
                      ]
                    }
                  ]
                  , "replace_name":"true"
                }
                , {
                  "name":"SimpleKernel.cl:101"
                  , "type":"resource"
                  , "data":
                  [866, 2675, 16, 0]
                  , "debug":
                  [
                    [
                      {
                        "filename":"/home/bahram/Desktop/newFromScratch/SimpleKernel.cl"
                        , "line":101
                      }
                    ]
                  ]
                  , "children":
                  [
                    {
                      "name":"32-bit Integer Add"
                      , "type":"resource"
                      , "count":1
                      , "data":
                      [33, 0, 0, 0]
                    }
                    , {
                      "name":"Load"
                      , "type":"resource"
                      , "count":1
                      , "data":
                      [799, 2651, 16, 0]
                      , "details":
                      [
                        {
                          "type":"text"
                          , "text":"Load uses a Burst-coalesced non-aligned LSU.  Use Dynamic Profiler to determine performance impact of this LSU."
                        }
                      ]
                    }
                    , {
                      "name":"Store"
                      , "type":"resource"
                      , "count":1
                      , "data":
                      [34, 24, 0, 0]
                      , "details":
                      [
                        {
                          "type":"text"
                          , "text":"Store uses a Local-pipelined never-stall LSU"
                        }
                        , {
                          "type":"text"
                          , "text":"Stall-free write to memory declared on SimpleKernel.cl:67."
                        }
                        , {
                          "type":"text"
                          , "text":"See %L for more information"
                          , "links":
                          [
                            {
                              "guide":"Best Practices Guide : Load-Store Units"
                              , "link":"https://www.altera.com/documentation/mwh1391807516407.html#yeo1491314105959"
                            }
                          ]
                        }
                      ]
                    }
                  ]
                  , "replace_name":"true"
                }
                , {
                  "name":"SimpleKernel.cl:110"
                  , "type":"resource"
                  , "data":
                  [42, 73, 0, 0]
                  , "debug":
                  [
                    [
                      {
                        "filename":"/home/bahram/Desktop/newFromScratch/SimpleKernel.cl"
                        , "line":110
                      }
                    ]
                  ]
                  , "children":
                  [
                    {
                      "name":"Load"
                      , "type":"resource"
                      , "count":1
                      , "data":
                      [42, 73, 0, 0]
                      , "details":
                      [
                        {
                          "type":"text"
                          , "text":"Load uses a Local-pipelined never-stall LSU"
                        }
                        , {
                          "type":"text"
                          , "text":"Stall-free read from memory declared on SimpleKernel.cl:55."
                        }
                        , {
                          "type":"text"
                          , "text":"See %L for more information"
                          , "links":
                          [
                            {
                              "guide":"Best Practices Guide : Load-Store Units"
                              , "link":"https://www.altera.com/documentation/mwh1391807516407.html#yeo1491314105959"
                            }
                          ]
                        }
                      ]
                    }
                  ]
                  , "replace_name":"true"
                }
                , {
                  "name":"SimpleKernel.cl:111"
                  , "type":"resource"
                  , "data":
                  [32, 41, 0, 0]
                  , "debug":
                  [
                    [
                      {
                        "filename":"/home/bahram/Desktop/newFromScratch/SimpleKernel.cl"
                        , "line":111
                      }
                    ]
                  ]
                  , "children":
                  [
                    {
                      "name":"Load"
                      , "type":"resource"
                      , "count":1
                      , "data":
                      [32, 41, 0, 0]
                      , "details":
                      [
                        {
                          "type":"text"
                          , "text":"Load uses a Local-pipelined never-stall LSU"
                        }
                        , {
                          "type":"text"
                          , "text":"Stall-free read from memory declared on SimpleKernel.cl:43."
                        }
                        , {
                          "type":"text"
                          , "text":"See %L for more information"
                          , "links":
                          [
                            {
                              "guide":"Best Practices Guide : Load-Store Units"
                              , "link":"https://www.altera.com/documentation/mwh1391807516407.html#yeo1491314105959"
                            }
                          ]
                        }
                      ]
                    }
                  ]
                  , "replace_name":"true"
                }
                , {
                  "name":"SimpleKernel.cl:112"
                  , "type":"resource"
                  , "data":
                  [93, 98, 0, 0]
                  , "debug":
                  [
                    [
                      {
                        "filename":"/home/bahram/Desktop/newFromScratch/SimpleKernel.cl"
                        , "line":112
                      }
                    ]
                  ]
                  , "children":
                  [
                    {
                      "name":"Load"
                      , "type":"resource"
                      , "count":2
                      , "data":
                      [64, 82, 0, 0]
                      , "details":
                      [
                        {
                          "type":"text"
                          , "text":"Load uses a Local-pipelined never-stall LSU"
                        }
                        , {
                          "type":"text"
                          , "text":"Stall-free read from memory declared on SimpleKernel.cl:43."
                        }
                        , {
                          "type":"text"
                          , "text":"See %L for more information"
                          , "links":
                          [
                            {
                              "guide":"Best Practices Guide : Load-Store Units"
                              , "link":"https://www.altera.com/documentation/mwh1391807516407.html#yeo1491314105959"
                            }
                          ]
                        }
                      ]
                    }
                    , {
                      "name":"Select"
                      , "type":"resource"
                      , "count":2
                      , "data":
                      [29, 16, 0, 0]
                    }
                  ]
                  , "replace_name":"true"
                }
                , {
                  "name":"SimpleKernel.cl:113"
                  , "type":"resource"
                  , "data":
                  [377, 175, 0, 0]
                  , "debug":
                  [
                    [
                      {
                        "filename":"/home/bahram/Desktop/newFromScratch/SimpleKernel.cl"
                        , "line":113
                      }
                    ]
                  ]
                  , "children":
                  [
                    {
                      "name":"32-bit Integer Add"
                      , "type":"resource"
                      , "count":2
                      , "data":
                      [66, 0, 0, 0]
                    }
                    , {
                      "name":"And"
                      , "type":"resource"
                      , "count":8
                      , "data":
                      [1, 1, 0, 0]
                    }
                    , {
                      "name":"Integer Compare"
                      , "type":"resource"
                      , "count":10
                      , "data":
                      [206, 10, 0, 0]
                    }
                    , {
                      "name":"Load"
                      , "type":"resource"
                      , "count":4
                      , "data":
                      [104, 164, 0, 0]
                      , "details":
                      [
                        {
                          "type":"text"
                          , "text":"Load uses a Local-pipelined never-stall LSU"
                        }
                        , {
                          "type":"text"
                          , "text":"Stall-free read from memory declared on SimpleKernel.cl:31."
                        }
                        , {
                          "type":"text"
                          , "text":"See %L for more information"
                          , "links":
                          [
                            {
                              "guide":"Best Practices Guide : Load-Store Units"
                              , "link":"https://www.altera.com/documentation/mwh1391807516407.html#yeo1491314105959"
                            }
                          ]
                        }
                      ]
                    }
                  ]
                  , "replace_name":"true"
                }
                , {
                  "name":"SimpleKernel.cl:117"
                  , "type":"resource"
                  , "data":
                  [134, 66, 0, 0]
                  , "debug":
                  [
                    [
                      {
                        "filename":"/home/bahram/Desktop/newFromScratch/SimpleKernel.cl"
                        , "line":117
                      }
                    ]
                  ]
                  , "children":
                  [
                    {
                      "name":"Integer Compare"
                      , "type":"resource"
                      , "count":2
                      , "data":
                      [70, 2, 0, 0]
                    }
                    , {
                      "name":"Select"
                      , "type":"resource"
                      , "count":2
                      , "data":
                      [64, 64, 0, 0]
                    }
                  ]
                  , "replace_name":"true"
                }
                , {
                  "name":"SimpleKernel.cl:119"
                  , "type":"resource"
                  , "data":
                  [100, 24, 0, 0]
                  , "debug":
                  [
                    [
                      {
                        "filename":"/home/bahram/Desktop/newFromScratch/SimpleKernel.cl"
                        , "line":119
                      }
                    ]
                  ]
                  , "children":
                  [
                    {
                      "name":"32-bit Integer Subtract"
                      , "type":"resource"
                      , "count":2
                      , "data":
                      [66, 0, 0, 0]
                    }
                    , {
                      "name":"Store"
                      , "type":"resource"
                      , "count":1
                      , "data":
                      [34, 24, 0, 0]
                      , "details":
                      [
                        {
                          "type":"text"
                          , "text":"Store uses a Local-pipelined never-stall LSU"
                        }
                        , {
                          "type":"text"
                          , "text":"Stall-free write to memory declared on SimpleKernel.cl:55."
                        }
                        , {
                          "type":"text"
                          , "text":"See %L for more information"
                          , "links":
                          [
                            {
                              "guide":"Best Practices Guide : Load-Store Units"
                              , "link":"https://www.altera.com/documentation/mwh1391807516407.html#yeo1491314105959"
                            }
                          ]
                        }
                      ]
                    }
                  ]
                  , "replace_name":"true"
                }
                , {
                  "name":"SimpleKernel.cl:120"
                  , "type":"resource"
                  , "data":
                  [134, 48, 0, 0]
                  , "debug":
                  [
                    [
                      {
                        "filename":"/home/bahram/Desktop/newFromScratch/SimpleKernel.cl"
                        , "line":120
                      }
                    ]
                  ]
                  , "children":
                  [
                    {
                      "name":"32-bit Integer Subtract"
                      , "type":"resource"
                      , "count":2
                      , "data":
                      [66, 0, 0, 0]
                    }
                    , {
                      "name":"Store"
                      , "type":"resource"
                      , "count":2
                      , "data":
                      [68, 48, 0, 0]
                      , "details":
                      [
                        {
                          "type":"text"
                          , "text":"Store uses a Local-pipelined never-stall LSU"
                        }
                        , {
                          "type":"text"
                          , "text":"Stall-free write to memory declared on SimpleKernel.cl:43."
                        }
                        , {
                          "type":"text"
                          , "text":"See %L for more information"
                          , "links":
                          [
                            {
                              "guide":"Best Practices Guide : Load-Store Units"
                              , "link":"https://www.altera.com/documentation/mwh1391807516407.html#yeo1491314105959"
                            }
                          ]
                        }
                      ]
                    }
                  ]
                  , "replace_name":"true"
                }
                , {
                  "name":"SimpleKernel.cl:123"
                  , "type":"resource"
                  , "data":
                  [142, 97, 0, 0]
                  , "debug":
                  [
                    [
                      {
                        "filename":"/home/bahram/Desktop/newFromScratch/SimpleKernel.cl"
                        , "line":123
                      }
                    ]
                  ]
                  , "children":
                  [
                    {
                      "name":"32-bit Integer Add"
                      , "type":"resource"
                      , "count":2
                      , "data":
                      [66, 0, 0, 0]
                    }
                    , {
                      "name":"Load"
                      , "type":"resource"
                      , "count":1
                      , "data":
                      [42, 73, 0, 0]
                      , "details":
                      [
                        {
                          "type":"text"
                          , "text":"Load uses a Local-pipelined never-stall LSU"
                        }
                        , {
                          "type":"text"
                          , "text":"Stall-free read from memory declared on SimpleKernel.cl:67."
                        }
                        , {
                          "type":"text"
                          , "text":"See %L for more information"
                          , "links":
                          [
                            {
                              "guide":"Best Practices Guide : Load-Store Units"
                              , "link":"https://www.altera.com/documentation/mwh1391807516407.html#yeo1491314105959"
                            }
                          ]
                        }
                      ]
                    }
                    , {
                      "name":"Store"
                      , "type":"resource"
                      , "count":1
                      , "data":
                      [34, 24, 0, 0]
                      , "details":
                      [
                        {
                          "type":"text"
                          , "text":"Store uses a Local-pipelined never-stall LSU"
                        }
                        , {
                          "type":"text"
                          , "text":"Stall-free write to memory declared on SimpleKernel.cl:67."
                        }
                        , {
                          "type":"text"
                          , "text":"See %L for more information"
                          , "links":
                          [
                            {
                              "guide":"Best Practices Guide : Load-Store Units"
                              , "link":"https://www.altera.com/documentation/mwh1391807516407.html#yeo1491314105959"
                            }
                          ]
                        }
                      ]
                    }
                  ]
                  , "replace_name":"true"
                }
                , {
                  "name":"SimpleKernel.cl:125"
                  , "type":"resource"
                  , "data":
                  [129, 40, 0, 0]
                  , "debug":
                  [
                    [
                      {
                        "filename":"/home/bahram/Desktop/newFromScratch/SimpleKernel.cl"
                        , "line":125
                      }
                    ]
                  ]
                  , "children":
                  [
                    {
                      "name":"32-bit Integer Add"
                      , "type":"resource"
                      , "count":2
                      , "data":
                      [66, 0, 0, 0]
                    }
                    , {
                      "name":"Select"
                      , "type":"resource"
                      , "count":2
                      , "data":
                      [29, 16, 0, 0]
                    }
                    , {
                      "name":"Store"
                      , "type":"resource"
                      , "count":1
                      , "data":
                      [34, 24, 0, 0]
                      , "details":
                      [
                        {
                          "type":"text"
                          , "text":"Store uses a Local-pipelined never-stall LSU"
                        }
                        , {
                          "type":"text"
                          , "text":"Stall-free write to memory declared on SimpleKernel.cl:43."
                        }
                        , {
                          "type":"text"
                          , "text":"See %L for more information"
                          , "links":
                          [
                            {
                              "guide":"Best Practices Guide : Load-Store Units"
                              , "link":"https://www.altera.com/documentation/mwh1391807516407.html#yeo1491314105959"
                            }
                          ]
                        }
                      ]
                    }
                  ]
                  , "replace_name":"true"
                }
                , {
                  "name":"SimpleKernel.cl:130"
                  , "type":"resource"
                  , "data":
                  [399, 2128, 16, 0]
                  , "debug":
                  [
                    [
                      {
                        "filename":"/home/bahram/Desktop/newFromScratch/SimpleKernel.cl"
                        , "line":130
                      }
                    ]
                  ]
                  , "children":
                  [
                    {
                      "name":"32-bit Integer Add"
                      , "type":"resource"
                      , "count":1
                      , "data":
                      [33, 0, 0, 0]
                    }
                    , {
                      "name":"Store"
                      , "type":"resource"
                      , "count":1
                      , "data":
                      [366, 2128, 16, 0]
                      , "details":
                      [
                        {
                          "type":"text"
                          , "text":"Store uses a Burst-coalesced LSU"
                        }
                      ]
                    }
                  ]
                  , "replace_name":"true"
                }
                , {
                  "name":"SimpleKernel.cl:133"
                  , "type":"resource"
                  , "data":
                  [720.5, 2130, 26, 0]
                  , "debug":
                  [
                    [
                      {
                        "filename":"/home/bahram/Desktop/newFromScratch/SimpleKernel.cl"
                        , "line":133
                      }
                    ]
                  ]
                  , "children":
                  [
                    {
                      "name":"32-bit Integer Add"
                      , "type":"resource"
                      , "count":2
                      , "data":
                      [33, 0, 0, 0]
                    }
                    , {
                      "name":"32-bit Integer Subtract"
                      , "type":"resource"
                      , "count":2
                      , "data":
                      [33, 0, 0, 0]
                    }
                    , {
                      "name":"And"
                      , "type":"resource"
                      , "count":4
                      , "data":
                      [1, 1, 0, 0]
                    }
                    , {
                      "name":"Integer Compare"
                      , "type":"resource"
                      , "count":2
                      , "data":
                      [22, 2, 0, 0]
                    }
                    , {
                      "name":"Load"
                      , "type":"resource"
                      , "count":2
                      , "data":
                      [308.5, 489, 9.5, 0]
                      , "details":
                      [
                        {
                          "type":"text"
                          , "text":"Load uses a Semi-streaming LSU.  Load with a private 32768 bit cache. Cache is not shared with any other load. It is flushed on kernel start. Use Dynamic Profiler to verify cache effectiveness. Other kernels should not be updating the data in global memory while this kernel is using it. Cache is created when memory access pattern is data-dependent or appears to be repetitive. Simplify access pattern or mark pointer as 'volatile' to disable generation of this cache."
                        }
                        , {
                          "type":"text"
                          , "text":"Load uses a Burst-coalesced LSU"
                        }
                      ]
                    }
                    , {
                      "name":"Select"
                      , "type":"resource"
                      , "count":2
                      , "data":
                      [29, 16, 0, 0]
                    }
                    , {
                      "name":"Store"
                      , "type":"resource"
                      , "count":2
                      , "data":
                      [294, 1622, 16.5, 0]
                      , "details":
                      [
                        {
                          "type":"text"
                          , "text":"Store uses a Burst-coalesced write-ack LSU"
                        }
                        , {
                          "type":"text"
                          , "text":"Store uses a Burst-coalesced LSU"
                        }
                      ]
                    }
                  ]
                  , "replace_name":"true"
                }
                , {
                  "name":"SimpleKernel.cl:134"
                  , "type":"resource"
                  , "data":
                  [720.5, 2130, 26, 0]
                  , "debug":
                  [
                    [
                      {
                        "filename":"/home/bahram/Desktop/newFromScratch/SimpleKernel.cl"
                        , "line":134
                      }
                    ]
                  ]
                  , "children":
                  [
                    {
                      "name":"32-bit Integer Add"
                      , "type":"resource"
                      , "count":2
                      , "data":
                      [33, 0, 0, 0]
                    }
                    , {
                      "name":"32-bit Integer Subtract"
                      , "type":"resource"
                      , "count":2
                      , "data":
                      [33, 0, 0, 0]
                    }
                    , {
                      "name":"And"
                      , "type":"resource"
                      , "count":4
                      , "data":
                      [1, 1, 0, 0]
                    }
                    , {
                      "name":"Integer Compare"
                      , "type":"resource"
                      , "count":2
                      , "data":
                      [22, 2, 0, 0]
                    }
                    , {
                      "name":"Load"
                      , "type":"resource"
                      , "count":2
                      , "data":
                      [308.5, 489, 9.5, 0]
                      , "details":
                      [
                        {
                          "type":"text"
                          , "text":"Load uses a Semi-streaming LSU.  Load with a private 32768 bit cache. Cache is not shared with any other load. It is flushed on kernel start. Use Dynamic Profiler to verify cache effectiveness. Other kernels should not be updating the data in global memory while this kernel is using it. Cache is created when memory access pattern is data-dependent or appears to be repetitive. Simplify access pattern or mark pointer as 'volatile' to disable generation of this cache."
                        }
                        , {
                          "type":"text"
                          , "text":"Load uses a Burst-coalesced LSU"
                        }
                      ]
                    }
                    , {
                      "name":"Select"
                      , "type":"resource"
                      , "count":2
                      , "data":
                      [29, 16, 0, 0]
                    }
                    , {
                      "name":"Store"
                      , "type":"resource"
                      , "count":2
                      , "data":
                      [294, 1622, 16.5, 0]
                      , "details":
                      [
                        {
                          "type":"text"
                          , "text":"Store uses a Burst-coalesced write-ack LSU"
                        }
                        , {
                          "type":"text"
                          , "text":"Store uses a Burst-coalesced LSU"
                        }
                      ]
                    }
                  ]
                  , "replace_name":"true"
                }
                , {
                  "name":"SimpleKernel.cl:141"
                  , "type":"resource"
                  , "data":
                  [418, 2254, 16, 0]
                  , "debug":
                  [
                    [
                      {
                        "filename":"/home/bahram/Desktop/newFromScratch/SimpleKernel.cl"
                        , "line":141
                      }
                    ]
                  ]
                  , "children":
                  [
                    {
                      "name":"Load"
                      , "type":"resource"
                      , "count":2
                      , "data":
                      [64, 82, 0, 0]
                      , "details":
                      [
                        {
                          "type":"text"
                          , "text":"Load uses a Local-pipelined never-stall LSU"
                        }
                        , {
                          "type":"text"
                          , "text":"Stall-free read from memory declared on SimpleKernel.cl:43."
                        }
                        , {
                          "type":"text"
                          , "text":"See %L for more information"
                          , "links":
                          [
                            {
                              "guide":"Best Practices Guide : Load-Store Units"
                              , "link":"https://www.altera.com/documentation/mwh1391807516407.html#yeo1491314105959"
                            }
                          ]
                        }
                      ]
                    }
                    , {
                      "name":"Store"
                      , "type":"resource"
                      , "count":1
                      , "data":
                      [354, 2172, 16, 0]
                      , "details":
                      [
                        {
                          "type":"text"
                          , "text":"Store uses a Burst-coalesced LSU"
                        }
                      ]
                    }
                  ]
                  , "replace_name":"true"
                }
                , {
                  "name":"SimpleKernel.cl:142"
                  , "type":"resource"
                  , "data":
                  [396, 2245, 16, 0]
                  , "debug":
                  [
                    [
                      {
                        "filename":"/home/bahram/Desktop/newFromScratch/SimpleKernel.cl"
                        , "line":142
                      }
                    ]
                  ]
                  , "children":
                  [
                    {
                      "name":"Load"
                      , "type":"resource"
                      , "count":1
                      , "data":
                      [42, 73, 0, 0]
                      , "details":
                      [
                        {
                          "type":"text"
                          , "text":"Load uses a Local-pipelined never-stall LSU"
                        }
                        , {
                          "type":"text"
                          , "text":"Stall-free read from memory declared on SimpleKernel.cl:55."
                        }
                        , {
                          "type":"text"
                          , "text":"See %L for more information"
                          , "links":
                          [
                            {
                              "guide":"Best Practices Guide : Load-Store Units"
                              , "link":"https://www.altera.com/documentation/mwh1391807516407.html#yeo1491314105959"
                            }
                          ]
                        }
                      ]
                    }
                    , {
                      "name":"Store"
                      , "type":"resource"
                      , "count":1
                      , "data":
                      [354, 2172, 16, 0]
                      , "details":
                      [
                        {
                          "type":"text"
                          , "text":"Store uses a Burst-coalesced LSU"
                        }
                      ]
                    }
                  ]
                  , "replace_name":"true"
                }
                , {
                  "name":"SimpleKernel.cl:143"
                  , "type":"resource"
                  , "data":
                  [730, 3981, 32, 0]
                  , "debug":
                  [
                    [
                      {
                        "filename":"/home/bahram/Desktop/newFromScratch/SimpleKernel.cl"
                        , "line":143
                      }
                    ]
                  ]
                  , "children":
                  [
                    {
                      "name":"Load"
                      , "type":"resource"
                      , "count":1
                      , "data":
                      [42, 73, 0, 0]
                      , "details":
                      [
                        {
                          "type":"text"
                          , "text":"Load uses a Local-pipelined never-stall LSU"
                        }
                        , {
                          "type":"text"
                          , "text":"Stall-free read from memory declared on SimpleKernel.cl:67."
                        }
                        , {
                          "type":"text"
                          , "text":"See %L for more information"
                          , "links":
                          [
                            {
                              "guide":"Best Practices Guide : Load-Store Units"
                              , "link":"https://www.altera.com/documentation/mwh1391807516407.html#yeo1491314105959"
                            }
                          ]
                        }
                      ]
                    }
                    , {
                      "name":"Store"
                      , "type":"resource"
                      , "count":2
                      , "data":
                      [688, 3908, 32, 0]
                      , "details":
                      [
                        {
                          "type":"text"
                          , "text":"Store uses a Burst-coalesced LSU"
                        }
                      ]
                    }
                  ]
                  , "replace_name":"true"
                }
              ]
            }
          ]
        }
      ]
    }
  ]
}
