{
  "nodes":
  [
    {
      "type":"kernel"
      , "id":2
      , "name":"PushKernel"
      , "children":
      [
        {
          "type":"inst"
          , "id":9
          , "name":"Store"
          , "debug":
          [
            [
              {
                "filename":"/home/bahram/Desktop/newFromScratch/SimpleKernel.cl"
                , "line":80
              }
            ]
          ]
          , "details":
          [
            {
              "type":"table"
              , "Width":"32 bits"
              , "Type":"Pipelined"
              , "Stall-free":"Yes"
              , "Stores to":"heights_block"
              , "Start Cycle":"200"
              , "Latency":"1"
              , "Reference":
              [
                {
                  "type":"text"
                  , "text":"See %L for more information"
                  , "links":
                  [
                    {
                      "guide":"Best Practices Guide : Load-Store Units"
                      , "link":"https://www.altera.com/documentation/mwh1391807516407.html#yeo1491314105959"
                    }
                  ]
                }
              ]
            }
          ]
        }
        , {
          "type":"inst"
          , "id":10
          , "name":"Store"
          , "debug":
          [
            [
              {
                "filename":"/home/bahram/Desktop/newFromScratch/SimpleKernel.cl"
                , "line":80
              }
            ]
          ]
          , "details":
          [
            {
              "type":"table"
              , "Width":"32 bits"
              , "Type":"Pipelined"
              , "Stall-free":"Yes"
              , "Stores to":"heights_block"
              , "Start Cycle":"200"
              , "Latency":"1"
              , "Reference":
              [
                {
                  "type":"text"
                  , "text":"See %L for more information"
                  , "links":
                  [
                    {
                      "guide":"Best Practices Guide : Load-Store Units"
                      , "link":"https://www.altera.com/documentation/mwh1391807516407.html#yeo1491314105959"
                    }
                  ]
                }
              ]
            }
          ]
        }
        , {
          "type":"inst"
          , "id":11
          , "name":"Store"
          , "debug":
          [
            [
              {
                "filename":"/home/bahram/Desktop/newFromScratch/SimpleKernel.cl"
                , "line":91
              }
            ]
          ]
          , "details":
          [
            {
              "type":"table"
              , "Width":"32 bits"
              , "Type":"Pipelined"
              , "Stall-free":"Yes"
              , "Stores to":"excess_block"
              , "Start Cycle":"200"
              , "Latency":"1"
              , "Reference":
              [
                {
                  "type":"text"
                  , "text":"See %L for more information"
                  , "links":
                  [
                    {
                      "guide":"Best Practices Guide : Load-Store Units"
                      , "link":"https://www.altera.com/documentation/mwh1391807516407.html#yeo1491314105959"
                    }
                  ]
                }
              ]
            }
          ]
        }
        , {
          "type":"inst"
          , "id":12
          , "name":"Store"
          , "debug":
          [
            [
              {
                "filename":"/home/bahram/Desktop/newFromScratch/SimpleKernel.cl"
                , "line":91
              }
            ]
          ]
          , "details":
          [
            {
              "type":"table"
              , "Width":"32 bits"
              , "Type":"Pipelined"
              , "Stall-free":"Yes"
              , "Stores to":"excess_block"
              , "Start Cycle":"200"
              , "Latency":"1"
              , "Reference":
              [
                {
                  "type":"text"
                  , "text":"See %L for more information"
                  , "links":
                  [
                    {
                      "guide":"Best Practices Guide : Load-Store Units"
                      , "link":"https://www.altera.com/documentation/mwh1391807516407.html#yeo1491314105959"
                    }
                  ]
                }
              ]
            }
          ]
        }
        , {
          "type":"inst"
          , "id":13
          , "name":"Store"
          , "debug":
          [
            [
              {
                "filename":"/home/bahram/Desktop/newFromScratch/SimpleKernel.cl"
                , "line":83
              }
            ]
          ]
          , "details":
          [
            {
              "type":"table"
              , "Width":"32 bits"
              , "Type":"Pipelined"
              , "Stall-free":"Yes"
              , "Stores to":"heights_block"
              , "Start Cycle":"200"
              , "Latency":"1"
              , "Reference":
              [
                {
                  "type":"text"
                  , "text":"See %L for more information"
                  , "links":
                  [
                    {
                      "guide":"Best Practices Guide : Load-Store Units"
                      , "link":"https://www.altera.com/documentation/mwh1391807516407.html#yeo1491314105959"
                    }
                  ]
                }
              ]
            }
          ]
        }
        , {
          "type":"inst"
          , "id":14
          , "name":"Store"
          , "debug":
          [
            [
              {
                "filename":"/home/bahram/Desktop/newFromScratch/SimpleKernel.cl"
                , "line":96
              }
            ]
          ]
          , "details":
          [
            {
              "type":"table"
              , "Width":"64 bits"
              , "Type":"Pipelined"
              , "Stall-free":"Yes"
              , "Stores to":"residualFlow_right_block"
              , "Start Cycle":"200"
              , "Latency":"1"
              , "Reference":
              [
                {
                  "type":"text"
                  , "text":"See %L for more information"
                  , "links":
                  [
                    {
                      "guide":"Best Practices Guide : Load-Store Units"
                      , "link":"https://www.altera.com/documentation/mwh1391807516407.html#yeo1491314105959"
                    }
                  ]
                }
              ]
            }
          ]
        }
        , {
          "type":"inst"
          , "id":15
          , "name":"Store"
          , "debug":
          [
            [
              {
                "filename":"/home/bahram/Desktop/newFromScratch/SimpleKernel.cl"
                , "line":101
              }
            ]
          ]
          , "details":
          [
            {
              "type":"table"
              , "Width":"64 bits"
              , "Type":"Pipelined"
              , "Stall-free":"Yes"
              , "Stores to":"residualFlow_left_block"
              , "Start Cycle":"200"
              , "Latency":"1"
              , "Reference":
              [
                {
                  "type":"text"
                  , "text":"See %L for more information"
                  , "links":
                  [
                    {
                      "guide":"Best Practices Guide : Load-Store Units"
                      , "link":"https://www.altera.com/documentation/mwh1391807516407.html#yeo1491314105959"
                    }
                  ]
                }
              ]
            }
          ]
        }
        , {
          "type":"inst"
          , "id":16
          , "name":"Load"
          , "debug":
          [
            [
              {
                "filename":"/home/bahram/Desktop/newFromScratch/SimpleKernel.cl"
                , "line":111
              }
            ]
          ]
          , "details":
          [
            {
              "type":"table"
              , "Width":"32 bits"
              , "Type":"Pipelined"
              , "Stall-free":"Yes"
              , "Loads from":"excess_block"
              , "Start Cycle":"205"
              , "Latency":"4"
              , "Reference":
              [
                {
                  "type":"text"
                  , "text":"See %L for more information"
                  , "links":
                  [
                    {
                      "guide":"Best Practices Guide : Load-Store Units"
                      , "link":"https://www.altera.com/documentation/mwh1391807516407.html#yeo1491314105959"
                    }
                  ]
                }
              ]
            }
          ]
        }
        , {
          "type":"inst"
          , "id":17
          , "name":"Load"
          , "debug":
          [
            [
              {
                "filename":"/home/bahram/Desktop/newFromScratch/SimpleKernel.cl"
                , "line":110
              }
            ]
          ]
          , "details":
          [
            {
              "type":"table"
              , "Width":"64 bits"
              , "Type":"Pipelined"
              , "Stall-free":"Yes"
              , "Loads from":"residualFlow_right_block"
              , "Start Cycle":"205"
              , "Latency":"4"
              , "Reference":
              [
                {
                  "type":"text"
                  , "text":"See %L for more information"
                  , "links":
                  [
                    {
                      "guide":"Best Practices Guide : Load-Store Units"
                      , "link":"https://www.altera.com/documentation/mwh1391807516407.html#yeo1491314105959"
                    }
                  ]
                }
              ]
            }
          ]
        }
        , {
          "type":"inst"
          , "id":18
          , "name":"Load"
          , "debug":
          [
            [
              {
                "filename":"/home/bahram/Desktop/newFromScratch/SimpleKernel.cl"
                , "line":112
              }
            ]
          ]
          , "details":
          [
            {
              "type":"table"
              , "Width":"32 bits"
              , "Type":"Pipelined"
              , "Stall-free":"Yes"
              , "Loads from":"excess_block"
              , "Start Cycle":"212"
              , "Latency":"4"
              , "Reference":
              [
                {
                  "type":"text"
                  , "text":"See %L for more information"
                  , "links":
                  [
                    {
                      "guide":"Best Practices Guide : Load-Store Units"
                      , "link":"https://www.altera.com/documentation/mwh1391807516407.html#yeo1491314105959"
                    }
                  ]
                }
              ]
            }
          ]
        }
        , {
          "type":"inst"
          , "id":19
          , "name":"Load"
          , "debug":
          [
            [
              {
                "filename":"/home/bahram/Desktop/newFromScratch/SimpleKernel.cl"
                , "line":113
              }
            ]
          ]
          , "details":
          [
            {
              "type":"table"
              , "Width":"32 bits"
              , "Type":"Pipelined"
              , "Stall-free":"Yes"
              , "Loads from":"heights_block"
              , "Start Cycle":"211"
              , "Latency":"4"
              , "Reference":
              [
                {
                  "type":"text"
                  , "text":"See %L for more information"
                  , "links":
                  [
                    {
                      "guide":"Best Practices Guide : Load-Store Units"
                      , "link":"https://www.altera.com/documentation/mwh1391807516407.html#yeo1491314105959"
                    }
                  ]
                }
              ]
            }
          ]
        }
        , {
          "type":"inst"
          , "id":20
          , "name":"Load"
          , "debug":
          [
            [
              {
                "filename":"/home/bahram/Desktop/newFromScratch/SimpleKernel.cl"
                , "line":113
              }
            ]
          ]
          , "details":
          [
            {
              "type":"table"
              , "Width":"32 bits"
              , "Type":"Pipelined"
              , "Stall-free":"Yes"
              , "Loads from":"heights_block"
              , "Start Cycle":"211"
              , "Latency":"4"
              , "Reference":
              [
                {
                  "type":"text"
                  , "text":"See %L for more information"
                  , "links":
                  [
                    {
                      "guide":"Best Practices Guide : Load-Store Units"
                      , "link":"https://www.altera.com/documentation/mwh1391807516407.html#yeo1491314105959"
                    }
                  ]
                }
              ]
            }
          ]
        }
        , {
          "type":"inst"
          , "id":21
          , "name":"Store"
          , "debug":
          [
            [
              {
                "filename":"/home/bahram/Desktop/newFromScratch/SimpleKernel.cl"
                , "line":120
              }
            ]
          ]
          , "details":
          [
            {
              "type":"table"
              , "Width":"32 bits"
              , "Type":"Pipelined"
              , "Stall-free":"Yes"
              , "Stores to":"excess_block"
              , "Start Cycle":"218"
              , "Latency":"1"
              , "Reference":
              [
                {
                  "type":"text"
                  , "text":"See %L for more information"
                  , "links":
                  [
                    {
                      "guide":"Best Practices Guide : Load-Store Units"
                      , "link":"https://www.altera.com/documentation/mwh1391807516407.html#yeo1491314105959"
                    }
                  ]
                }
              ]
            }
          ]
        }
        , {
          "type":"inst"
          , "id":22
          , "name":"Load"
          , "debug":
          [
            [
              {
                "filename":"/home/bahram/Desktop/newFromScratch/SimpleKernel.cl"
                , "line":113
              }
            ]
          ]
          , "details":
          [
            {
              "type":"table"
              , "Width":"32 bits"
              , "Type":"Pipelined"
              , "Stall-free":"Yes"
              , "Loads from":"heights_block"
              , "Start Cycle":"220"
              , "Latency":"4"
              , "Reference":
              [
                {
                  "type":"text"
                  , "text":"See %L for more information"
                  , "links":
                  [
                    {
                      "guide":"Best Practices Guide : Load-Store Units"
                      , "link":"https://www.altera.com/documentation/mwh1391807516407.html#yeo1491314105959"
                    }
                  ]
                }
              ]
            }
          ]
        }
        , {
          "type":"inst"
          , "id":23
          , "name":"Load"
          , "debug":
          [
            [
              {
                "filename":"/home/bahram/Desktop/newFromScratch/SimpleKernel.cl"
                , "line":113
              }
            ]
          ]
          , "details":
          [
            {
              "type":"table"
              , "Width":"32 bits"
              , "Type":"Pipelined"
              , "Stall-free":"Yes"
              , "Loads from":"heights_block"
              , "Start Cycle":"220"
              , "Latency":"4"
              , "Reference":
              [
                {
                  "type":"text"
                  , "text":"See %L for more information"
                  , "links":
                  [
                    {
                      "guide":"Best Practices Guide : Load-Store Units"
                      , "link":"https://www.altera.com/documentation/mwh1391807516407.html#yeo1491314105959"
                    }
                  ]
                }
              ]
            }
          ]
        }
        , {
          "type":"inst"
          , "id":24
          , "name":"Load"
          , "debug":
          [
            [
              {
                "filename":"/home/bahram/Desktop/newFromScratch/SimpleKernel.cl"
                , "line":123
              }
            ]
          ]
          , "details":
          [
            {
              "type":"table"
              , "Width":"64 bits"
              , "Type":"Pipelined"
              , "Stall-free":"Yes"
              , "Loads from":"residualFlow_left_block"
              , "Start Cycle":"227"
              , "Latency":"4"
              , "Reference":
              [
                {
                  "type":"text"
                  , "text":"See %L for more information"
                  , "links":
                  [
                    {
                      "guide":"Best Practices Guide : Load-Store Units"
                      , "link":"https://www.altera.com/documentation/mwh1391807516407.html#yeo1491314105959"
                    }
                  ]
                }
              ]
            }
          ]
        }
        , {
          "type":"inst"
          , "id":25
          , "name":"Store"
          , "debug":
          [
            [
              {
                "filename":"/home/bahram/Desktop/newFromScratch/SimpleKernel.cl"
                , "line":125
              }
            ]
          ]
          , "details":
          [
            {
              "type":"table"
              , "Width":"32 bits"
              , "Type":"Pipelined"
              , "Stall-free":"Yes"
              , "Stores to":"excess_block"
              , "Start Cycle":"218"
              , "Latency":"1"
              , "Reference":
              [
                {
                  "type":"text"
                  , "text":"See %L for more information"
                  , "links":
                  [
                    {
                      "guide":"Best Practices Guide : Load-Store Units"
                      , "link":"https://www.altera.com/documentation/mwh1391807516407.html#yeo1491314105959"
                    }
                  ]
                }
              ]
            }
          ]
        }
        , {
          "type":"inst"
          , "id":26
          , "name":"Load"
          , "debug":
          [
            [
              {
                "filename":"/home/bahram/Desktop/newFromScratch/SimpleKernel.cl"
                , "line":112
              }
            ]
          ]
          , "details":
          [
            {
              "type":"table"
              , "Width":"32 bits"
              , "Type":"Pipelined"
              , "Stall-free":"Yes"
              , "Loads from":"excess_block"
              , "Start Cycle":"218"
              , "Latency":"4"
              , "Reference":
              [
                {
                  "type":"text"
                  , "text":"See %L for more information"
                  , "links":
                  [
                    {
                      "guide":"Best Practices Guide : Load-Store Units"
                      , "link":"https://www.altera.com/documentation/mwh1391807516407.html#yeo1491314105959"
                    }
                  ]
                }
              ]
            }
          ]
        }
        , {
          "type":"inst"
          , "id":27
          , "name":"Store"
          , "debug":
          [
            [
              {
                "filename":"/home/bahram/Desktop/newFromScratch/SimpleKernel.cl"
                , "line":119
              }
            ]
          ]
          , "details":
          [
            {
              "type":"table"
              , "Width":"64 bits"
              , "Type":"Pipelined"
              , "Stall-free":"Yes"
              , "Stores to":"residualFlow_right_block"
              , "Start Cycle":"227"
              , "Latency":"1"
              , "Reference":
              [
                {
                  "type":"text"
                  , "text":"See %L for more information"
                  , "links":
                  [
                    {
                      "guide":"Best Practices Guide : Load-Store Units"
                      , "link":"https://www.altera.com/documentation/mwh1391807516407.html#yeo1491314105959"
                    }
                  ]
                }
              ]
            }
          ]
        }
        , {
          "type":"inst"
          , "id":28
          , "name":"Store"
          , "debug":
          [
            [
              {
                "filename":"/home/bahram/Desktop/newFromScratch/SimpleKernel.cl"
                , "line":120
              }
            ]
          ]
          , "details":
          [
            {
              "type":"table"
              , "Width":"32 bits"
              , "Type":"Pipelined"
              , "Stall-free":"Yes"
              , "Stores to":"excess_block"
              , "Start Cycle":"227"
              , "Latency":"1"
              , "Reference":
              [
                {
                  "type":"text"
                  , "text":"See %L for more information"
                  , "links":
                  [
                    {
                      "guide":"Best Practices Guide : Load-Store Units"
                      , "link":"https://www.altera.com/documentation/mwh1391807516407.html#yeo1491314105959"
                    }
                  ]
                }
              ]
            }
          ]
        }
        , {
          "type":"inst"
          , "id":29
          , "name":"Store"
          , "debug":
          [
            [
              {
                "filename":"/home/bahram/Desktop/newFromScratch/SimpleKernel.cl"
                , "line":123
              }
            ]
          ]
          , "details":
          [
            {
              "type":"table"
              , "Width":"64 bits"
              , "Type":"Pipelined"
              , "Stall-free":"Yes"
              , "Stores to":"residualFlow_left_block"
              , "Start Cycle":"232"
              , "Latency":"1"
              , "Reference":
              [
                {
                  "type":"text"
                  , "text":"See %L for more information"
                  , "links":
                  [
                    {
                      "guide":"Best Practices Guide : Load-Store Units"
                      , "link":"https://www.altera.com/documentation/mwh1391807516407.html#yeo1491314105959"
                    }
                  ]
                }
              ]
            }
          ]
        }
        , {
          "type":"inst"
          , "id":32
          , "name":"Load"
          , "debug":
          [
            [
              {
                "filename":"/home/bahram/Desktop/newFromScratch/SimpleKernel.cl"
                , "line":141
              }
            ]
          ]
          , "details":
          [
            {
              "type":"table"
              , "Width":"32 bits"
              , "Type":"Pipelined"
              , "Stall-free":"Yes"
              , "Loads from":"excess_block"
              , "Start Cycle":"240"
              , "Latency":"4"
              , "Reference":
              [
                {
                  "type":"text"
                  , "text":"See %L for more information"
                  , "links":
                  [
                    {
                      "guide":"Best Practices Guide : Load-Store Units"
                      , "link":"https://www.altera.com/documentation/mwh1391807516407.html#yeo1491314105959"
                    }
                  ]
                }
              ]
            }
          ]
        }
        , {
          "type":"inst"
          , "id":33
          , "name":"Load"
          , "debug":
          [
            [
              {
                "filename":"/home/bahram/Desktop/newFromScratch/SimpleKernel.cl"
                , "line":141
              }
            ]
          ]
          , "details":
          [
            {
              "type":"table"
              , "Width":"32 bits"
              , "Type":"Pipelined"
              , "Stall-free":"Yes"
              , "Loads from":"excess_block"
              , "Start Cycle":"240"
              , "Latency":"4"
              , "Reference":
              [
                {
                  "type":"text"
                  , "text":"See %L for more information"
                  , "links":
                  [
                    {
                      "guide":"Best Practices Guide : Load-Store Units"
                      , "link":"https://www.altera.com/documentation/mwh1391807516407.html#yeo1491314105959"
                    }
                  ]
                }
              ]
            }
          ]
        }
        , {
          "type":"inst"
          , "id":34
          , "name":"Load"
          , "debug":
          [
            [
              {
                "filename":"/home/bahram/Desktop/newFromScratch/SimpleKernel.cl"
                , "line":142
              }
            ]
          ]
          , "details":
          [
            {
              "type":"table"
              , "Width":"64 bits"
              , "Type":"Pipelined"
              , "Stall-free":"Yes"
              , "Loads from":"residualFlow_right_block"
              , "Start Cycle":"240"
              , "Latency":"4"
              , "Reference":
              [
                {
                  "type":"text"
                  , "text":"See %L for more information"
                  , "links":
                  [
                    {
                      "guide":"Best Practices Guide : Load-Store Units"
                      , "link":"https://www.altera.com/documentation/mwh1391807516407.html#yeo1491314105959"
                    }
                  ]
                }
              ]
            }
          ]
        }
        , {
          "type":"inst"
          , "id":35
          , "name":"Load"
          , "debug":
          [
            [
              {
                "filename":"/home/bahram/Desktop/newFromScratch/SimpleKernel.cl"
                , "line":143
              }
            ]
          ]
          , "details":
          [
            {
              "type":"table"
              , "Width":"64 bits"
              , "Type":"Pipelined"
              , "Stall-free":"Yes"
              , "Loads from":"residualFlow_left_block"
              , "Start Cycle":"240"
              , "Latency":"4"
              , "Reference":
              [
                {
                  "type":"text"
                  , "text":"See %L for more information"
                  , "links":
                  [
                    {
                      "guide":"Best Practices Guide : Load-Store Units"
                      , "link":"https://www.altera.com/documentation/mwh1391807516407.html#yeo1491314105959"
                    }
                  ]
                }
              ]
            }
          ]
        }
        , {
          "type":"memtype"
          , "id":45
          , "name":"Local Memory"
          , "children":
          [
            {
              "type":"memsys"
              , "id":46
              , "name":"heights_block"
              , "debug":
              [
                [
                  {
                    "filename":"/home/bahram/Desktop/newFromScratch/SimpleKernel.cl"
                    , "line":31
                  }
                ]
              ]
              , "children":
              [
                {
                  "type":"bank"
                  , "id":47
                  , "name":"Bank 0"
                  , "debug":
                  [
                    [
                      {
                        "filename":"/home/bahram/Desktop/newFromScratch/SimpleKernel.cl"
                        , "line":31
                      }
                    ]
                  ]
                  , "children":
                  [
                    {
                      "type":"port"
                      , "id":48
                      , "name":"R"
                    }
                    , {
                      "type":"port"
                      , "id":49
                      , "name":"R"
                    }
                    , {
                      "type":"port"
                      , "id":50
                      , "name":"R"
                    }
                    , {
                      "type":"port"
                      , "id":51
                      , "name":"R"
                    }
                    , {
                      "type":"port"
                      , "id":52
                      , "name":"W"
                    }
                    , {
                      "type":"port"
                      , "id":53
                      , "name":"W"
                    }
                    , {
                      "type":"port"
                      , "id":54
                      , "name":"W"
                    }
                  ]
                  , "details":
                  [
                    {
                      "type":"table"
                      , "Total number of ports per bank":"7"
                      , "Number of read ports per bank":"4"
                      , "Number of write ports per bank":"3"
                      , "Total replication":"56"
                    }
                  ]
                }
              ]
              , "details":
              [
                {
                  "type":"table"
                  , "Requested size":"24 bytes"
                  , "Implemented size":"1792 bytes"
                  , "Number of banks":"1"
                  , "Bank width":"32 bits"
                  , "Bank depth":"8 words"
                  , "Total replication":"56"
                  , "Additional Information":
                  [
                    {
                      "type":"text"
                      , "text":"Replicated 14 times to efficiently support multiple simultaneous workgroups"
                    }
                    , {
                      "type":"text"
                      , "text":"Replicated 4 times to efficiently support multiple accesses"
                    }
                    , {
                      "type":"text"
                      , "text":"Running memory at 2x clock to support more concurrent ports"
                    }
                  ]
                  , "Reference":
                  [
                    {
                      "type":"text"
                      , "text":"See %L for more information"
                      , "links":
                      [
                        {
                          "guide":"Best Practices Guide : Local Memory"
                          , "link":"https://www.altera.com/documentation/mwh1391807516407.html#chn1469549457114"
                        }
                      ]
                    }
                  ]
                }
              ]
            }
            , {
              "type":"memsys"
              , "id":55
              , "name":"excess_block"
              , "debug":
              [
                [
                  {
                    "filename":"/home/bahram/Desktop/newFromScratch/SimpleKernel.cl"
                    , "line":43
                  }
                ]
              ]
              , "children":
              [
                {
                  "type":"bank"
                  , "id":56
                  , "name":"Bank 0"
                  , "debug":
                  [
                    [
                      {
                        "filename":"/home/bahram/Desktop/newFromScratch/SimpleKernel.cl"
                        , "line":43
                      }
                    ]
                  ]
                  , "children":
                  [
                    {
                      "type":"port"
                      , "id":58
                      , "name":"R"
                    }
                    , {
                      "type":"port"
                      , "id":60
                      , "name":"R"
                    }
                    , {
                      "type":"port"
                      , "id":61
                      , "name":"R"
                    }
                    , {
                      "type":"port"
                      , "id":63
                      , "name":"W"
                    }
                    , {
                      "type":"port"
                      , "id":65
                      , "name":"W"
                    }
                  ]
                  , "details":
                  [
                    {
                      "type":"table"
                      , "Total number of ports per bank":"5"
                      , "Number of read ports per bank":"3"
                      , "Number of write ports per bank":"2"
                      , "Total replication":"72"
                    }
                  ]
                }
                , {
                  "type":"bank"
                  , "id":57
                  , "name":"Bank 1"
                  , "debug":
                  [
                    [
                      {
                        "filename":"/home/bahram/Desktop/newFromScratch/SimpleKernel.cl"
                        , "line":43
                      }
                    ]
                  ]
                  , "children":
                  [
                    {
                      "type":"port"
                      , "id":59
                      , "name":"R"
                    }
                    , {
                      "type":"port"
                      , "id":62
                      , "name":"R"
                    }
                    , {
                      "type":"port"
                      , "id":64
                      , "name":"W"
                    }
                    , {
                      "type":"port"
                      , "id":66
                      , "name":"W"
                    }
                    , {
                      "type":"port"
                      , "id":67
                      , "name":"W"
                    }
                  ]
                  , "details":
                  [
                    {
                      "type":"table"
                      , "Total number of ports per bank":"5"
                      , "Number of read ports per bank":"2"
                      , "Number of write ports per bank":"3"
                      , "Total replication":"72"
                    }
                  ]
                }
              ]
              , "details":
              [
                {
                  "type":"table"
                  , "Requested size":"16 bytes"
                  , "Implemented size":"1152 bytes"
                  , "Number of banks":"2"
                  , "Bank width":"32 bits"
                  , "Bank depth":"2 words"
                  , "Total replication":"72"
                  , "Additional Information":
                  [
                    {
                      "type":"text"
                      , "text":"Replicated 24 times to efficiently support multiple simultaneous workgroups"
                    }
                    , {
                      "type":"text"
                      , "text":"Replicated 3 times to efficiently support multiple accesses"
                    }
                    , {
                      "type":"text"
                      , "text":"Running memory at 2x clock to support more concurrent ports"
                    }
                  ]
                  , "Reference":
                  [
                    {
                      "type":"text"
                      , "text":"See %L for more information"
                      , "links":
                      [
                        {
                          "guide":"Best Practices Guide : Local Memory"
                          , "link":"https://www.altera.com/documentation/mwh1391807516407.html#chn1469549457114"
                        }
                      ]
                    }
                  ]
                }
              ]
            }
            , {
              "type":"memsys"
              , "id":68
              , "name":"residualFlow_right_block"
              , "debug":
              [
                [
                  {
                    "filename":"/home/bahram/Desktop/newFromScratch/SimpleKernel.cl"
                    , "line":55
                  }
                ]
              ]
              , "children":
              [
                {
                  "type":"bank"
                  , "id":69
                  , "name":"Bank 0"
                  , "debug":
                  [
                    [
                      {
                        "filename":"/home/bahram/Desktop/newFromScratch/SimpleKernel.cl"
                        , "line":55
                      }
                    ]
                  ]
                  , "children":
                  [
                    {
                      "type":"port"
                      , "id":70
                      , "name":"R"
                    }
                    , {
                      "type":"port"
                      , "id":71
                      , "name":"R"
                    }
                    , {
                      "type":"port"
                      , "id":72
                      , "name":"W"
                    }
                    , {
                      "type":"port"
                      , "id":73
                      , "name":"W"
                    }
                  ]
                  , "details":
                  [
                    {
                      "type":"table"
                      , "Total number of ports per bank":"4"
                      , "Number of read ports per bank":"2"
                      , "Number of write ports per bank":"2"
                      , "Total replication":"24"
                    }
                  ]
                }
              ]
              , "details":
              [
                {
                  "type":"table"
                  , "Requested size":"16 bytes"
                  , "Implemented size":"384 bytes"
                  , "Number of banks":"1"
                  , "Bank width":"64 bits"
                  , "Bank depth":"2 words"
                  , "Total replication":"24"
                  , "Additional Information":
                  [
                    {
                      "type":"text"
                      , "text":"Replicated 24 times to efficiently support multiple simultaneous workgroups"
                    }
                    , {
                      "type":"text"
                      , "text":"Running memory at 2x clock to support more concurrent ports"
                    }
                  ]
                  , "Reference":
                  [
                    {
                      "type":"text"
                      , "text":"See %L for more information"
                      , "links":
                      [
                        {
                          "guide":"Best Practices Guide : Local Memory"
                          , "link":"https://www.altera.com/documentation/mwh1391807516407.html#chn1469549457114"
                        }
                      ]
                    }
                  ]
                }
              ]
            }
            , {
              "type":"memsys"
              , "id":74
              , "name":"residualFlow_left_block"
              , "debug":
              [
                [
                  {
                    "filename":"/home/bahram/Desktop/newFromScratch/SimpleKernel.cl"
                    , "line":67
                  }
                ]
              ]
              , "children":
              [
                {
                  "type":"bank"
                  , "id":75
                  , "name":"Bank 0"
                  , "debug":
                  [
                    [
                      {
                        "filename":"/home/bahram/Desktop/newFromScratch/SimpleKernel.cl"
                        , "line":67
                      }
                    ]
                  ]
                  , "children":
                  [
                    {
                      "type":"port"
                      , "id":76
                      , "name":"R"
                    }
                    , {
                      "type":"port"
                      , "id":77
                      , "name":"R"
                    }
                    , {
                      "type":"port"
                      , "id":78
                      , "name":"W"
                    }
                    , {
                      "type":"port"
                      , "id":79
                      , "name":"W"
                    }
                  ]
                  , "details":
                  [
                    {
                      "type":"table"
                      , "Total number of ports per bank":"4"
                      , "Number of read ports per bank":"2"
                      , "Number of write ports per bank":"2"
                      , "Total replication":"24"
                    }
                  ]
                }
              ]
              , "details":
              [
                {
                  "type":"table"
                  , "Requested size":"16 bytes"
                  , "Implemented size":"384 bytes"
                  , "Number of banks":"1"
                  , "Bank width":"64 bits"
                  , "Bank depth":"2 words"
                  , "Total replication":"24"
                  , "Additional Information":
                  [
                    {
                      "type":"text"
                      , "text":"Replicated 24 times to efficiently support multiple simultaneous workgroups"
                    }
                    , {
                      "type":"text"
                      , "text":"Running memory at 2x clock to support more concurrent ports"
                    }
                  ]
                  , "Reference":
                  [
                    {
                      "type":"text"
                      , "text":"See %L for more information"
                      , "links":
                      [
                        {
                          "guide":"Best Practices Guide : Local Memory"
                          , "link":"https://www.altera.com/documentation/mwh1391807516407.html#chn1469549457114"
                        }
                      ]
                    }
                  ]
                }
              ]
            }
          ]
        }
      ]
    }
  ]
  , "links":
  [
    {
      "from":48
      , "to":19
    }
    , {
      "from":49
      , "to":20
    }
    , {
      "from":50
      , "to":22
    }
    , {
      "from":51
      , "to":23
    }
    , {
      "from":9
      , "to":52
    }
    , {
      "from":10
      , "to":53
    }
    , {
      "from":13
      , "to":54
    }
    , {
      "from":58
      , "to":16
    }
    , {
      "from":59
      , "to":18
    }
    , {
      "from":60
      , "to":26
    }
    , {
      "from":61
      , "to":32
    }
    , {
      "from":62
      , "to":33
    }
    , {
      "from":11
      , "to":63
    }
    , {
      "from":12
      , "to":64
    }
    , {
      "from":21
      , "to":65
    }
    , {
      "from":25
      , "to":66
    }
    , {
      "from":28
      , "to":67
    }
    , {
      "from":70
      , "to":17
    }
    , {
      "from":71
      , "to":34
    }
    , {
      "from":14
      , "to":72
    }
    , {
      "from":27
      , "to":73
    }
    , {
      "from":76
      , "to":24
    }
    , {
      "from":77
      , "to":35
    }
    , {
      "from":15
      , "to":78
    }
    , {
      "from":29
      , "to":79
    }
  ]
}
