{
  "columns":
  ["", "Pipelined", "II", "Bottleneck", "Details"]
  , "children":
  [
    {
      "name":"Kernel: PushKernel"
      , "data":
      ["", "", ""]
      , "debug":
      [
        [
          {
            "filename":"/home/bahram/Desktop/newFromScratch/SimpleKernel.cl"
            , "line":12
          }
        ]
      ]
      , "details":
      [
        {
          "type":"brief"
          , "text":"ND-Range"
        }
        , {
          "type":"text"
          , "text":"ND-Range"
        }
        , {
          "type":"text"
          , "text":"See %L for more information"
          , "links":
          [
            {
              "guide":"Best Practices Guide : Kernels"
              , "link":"https://www.altera.com/documentation/mwh1391807516407.html#ipp1476408832230"
            }
          ]
        }
      ]
      , "children":
      [
        {
          "name":"Fully unrolled loop"
          , "data":
          ["n/a", "n/a", "n/a"]
          , "debug":
          [
            [
              {
                "filename":"/home/bahram/Desktop/newFromScratch/SimpleKernel.cl"
                , "line":79
              }
            ]
          ]
          , "details":
          [
            {
              "type":"brief"
              , "text":"Unrolled by #pragma unroll"
            }
            , {
              "type":"text"
              , "text":"Unrolled by #pragma unroll"
            }
          ]
          , "children":
          [
          ]
        }
        , {
          "name":"Fully unrolled loop"
          , "data":
          ["n/a", "n/a", "n/a"]
          , "debug":
          [
            [
              {
                "filename":"/home/bahram/Desktop/newFromScratch/SimpleKernel.cl"
                , "line":90
              }
            ]
          ]
          , "details":
          [
            {
              "type":"brief"
              , "text":"Unrolled by #pragma unroll"
            }
            , {
              "type":"text"
              , "text":"Unrolled by #pragma unroll"
            }
          ]
          , "children":
          [
          ]
        }
        , {
          "name":"Fully unrolled loop"
          , "data":
          ["n/a", "n/a", "n/a"]
          , "debug":
          [
            [
              {
                "filename":"/home/bahram/Desktop/newFromScratch/SimpleKernel.cl"
                , "line":95
              }
            ]
          ]
          , "details":
          [
            {
              "type":"brief"
              , "text":"Unrolled by #pragma unroll"
            }
            , {
              "type":"text"
              , "text":"Unrolled by #pragma unroll"
            }
          ]
          , "children":
          [
          ]
        }
        , {
          "name":"Fully unrolled loop"
          , "data":
          ["n/a", "n/a", "n/a"]
          , "debug":
          [
            [
              {
                "filename":"/home/bahram/Desktop/newFromScratch/SimpleKernel.cl"
                , "line":100
              }
            ]
          ]
          , "details":
          [
            {
              "type":"brief"
              , "text":"Unrolled by #pragma unroll"
            }
            , {
              "type":"text"
              , "text":"Unrolled by #pragma unroll"
            }
          ]
          , "children":
          [
          ]
        }
        , {
          "name":"Fully unrolled loop"
          , "data":
          ["n/a", "n/a", "n/a"]
          , "debug":
          [
            [
              {
                "filename":"/home/bahram/Desktop/newFromScratch/SimpleKernel.cl"
                , "line":108
              }
            ]
          ]
          , "details":
          [
            {
              "type":"brief"
              , "text":"Unrolled by #pragma unroll"
            }
            , {
              "type":"text"
              , "text":"Unrolled by #pragma unroll"
            }
          ]
          , "children":
          [
          ]
        }
        , {
          "name":"Fully unrolled loop"
          , "data":
          ["n/a", "n/a", "n/a"]
          , "debug":
          [
            [
              {
                "filename":"/home/bahram/Desktop/newFromScratch/SimpleKernel.cl"
                , "line":141
              }
            ]
          ]
          , "details":
          [
            {
              "type":"brief"
              , "text":"Auto-unrolled"
            }
            , {
              "type":"text"
              , "text":"Auto-unrolled"
            }
          ]
          , "children":
          [
          ]
        }
        , {
          "name":"Fully unrolled loop"
          , "data":
          ["n/a", "n/a", "n/a"]
          , "debug":
          [
            [
              {
                "filename":"/home/bahram/Desktop/newFromScratch/SimpleKernel.cl"
                , "line":142
              }
            ]
          ]
          , "details":
          [
            {
              "type":"brief"
              , "text":"Auto-unrolled"
            }
            , {
              "type":"text"
              , "text":"Auto-unrolled"
            }
          ]
          , "children":
          [
          ]
        }
        , {
          "name":"Fully unrolled loop"
          , "data":
          ["n/a", "n/a", "n/a"]
          , "debug":
          [
            [
              {
                "filename":"/home/bahram/Desktop/newFromScratch/SimpleKernel.cl"
                , "line":143
              }
            ]
          ]
          , "details":
          [
            {
              "type":"brief"
              , "text":"Auto-unrolled"
            }
            , {
              "type":"text"
              , "text":"Auto-unrolled"
            }
          ]
          , "children":
          [
          ]
        }
      ]
    }
  ]
}
