{
  "nodes":
  [
    {
      "type":"kernel"
      , "id":2
      , "name":"PushKernel"
      , "children":
      [
        {
          "type":"bb"
          , "id":3
          , "name":"PushKernel.B0"
          , "children":
          [
            {
              "type":"inst"
              , "id":4
              , "name":"Load"
              , "debug":
              [
                [
                  {
                    "filename":"/home/bahram/Desktop/newFromScratch/SimpleKernel.cl"
                    , "line":80
                  }
                ]
              ]
              , "details":
              [
                {
                  "type":"table"
                  , "Width":"64 bits"
                  , "Type":"Burst-coalesced"
                  , "Stall-free":"No"
                  , "Start Cycle":"46"
                  , "Latency":"153"
                  , "Reference":
                  [
                    {
                      "type":"text"
                      , "text":"See %L for more information"
                      , "links":
                      [
                        {
                          "guide":"Best Practices Guide : Load-Store Units"
                          , "link":"https://www.altera.com/documentation/mwh1391807516407.html#yeo1491314105959"
                        }
                      ]
                    }
                  ]
                }
              ]
            }
            , {
              "type":"inst"
              , "id":5
              , "name":"Load"
              , "debug":
              [
                [
                  {
                    "filename":"/home/bahram/Desktop/newFromScratch/SimpleKernel.cl"
                    , "line":91
                  }
                ]
              ]
              , "details":
              [
                {
                  "type":"table"
                  , "Width":"64 bits"
                  , "Type":"Burst-coalesced"
                  , "Stall-free":"No"
                  , "Start Cycle":"46"
                  , "Latency":"153"
                  , "Reference":
                  [
                    {
                      "type":"text"
                      , "text":"See %L for more information"
                      , "links":
                      [
                        {
                          "guide":"Best Practices Guide : Load-Store Units"
                          , "link":"https://www.altera.com/documentation/mwh1391807516407.html#yeo1491314105959"
                        }
                      ]
                    }
                  ]
                }
              ]
            }
            , {
              "type":"inst"
              , "id":6
              , "name":"Load"
              , "debug":
              [
                [
                  {
                    "filename":"/home/bahram/Desktop/newFromScratch/SimpleKernel.cl"
                    , "line":96
                  }
                ]
              ]
              , "details":
              [
                {
                  "type":"table"
                  , "Width":"64 bits"
                  , "Type":"Burst-coalesced"
                  , "Stall-free":"No"
                  , "Start Cycle":"46"
                  , "Latency":"153"
                  , "Reference":
                  [
                    {
                      "type":"text"
                      , "text":"See %L for more information"
                      , "links":
                      [
                        {
                          "guide":"Best Practices Guide : Load-Store Units"
                          , "link":"https://www.altera.com/documentation/mwh1391807516407.html#yeo1491314105959"
                        }
                      ]
                    }
                  ]
                }
              ]
            }
            , {
              "type":"inst"
              , "id":7
              , "name":"Load"
              , "debug":
              [
                [
                  {
                    "filename":"/home/bahram/Desktop/newFromScratch/SimpleKernel.cl"
                    , "line":83
                  }
                ]
              ]
              , "details":
              [
                {
                  "type":"table"
                  , "Width":"32 bits"
                  , "Type":"Burst-coalesced"
                  , "Stall-free":"No"
                  , "Start Cycle":"64"
                  , "Latency":"135"
                  , "Reference":
                  [
                    {
                      "type":"text"
                      , "text":"See %L for more information"
                      , "links":
                      [
                        {
                          "guide":"Best Practices Guide : Load-Store Units"
                          , "link":"https://www.altera.com/documentation/mwh1391807516407.html#yeo1491314105959"
                        }
                      ]
                    }
                  ]
                }
              ]
            }
            , {
              "type":"inst"
              , "id":8
              , "name":"Load"
              , "debug":
              [
                [
                  {
                    "filename":"/home/bahram/Desktop/newFromScratch/SimpleKernel.cl"
                    , "line":101
                  }
                ]
              ]
              , "details":
              [
                {
                  "type":"table"
                  , "Width":"128 bits"
                  , "Type":"Burst-non-aligned"
                  , "Stall-free":"No"
                  , "Start Cycle":"10"
                  , "Latency":"189"
                  , "Reference":
                  [
                    {
                      "type":"text"
                      , "text":"See %L for more information"
                      , "links":
                      [
                        {
                          "guide":"Best Practices Guide : Load-Store Units"
                          , "link":"https://www.altera.com/documentation/mwh1391807516407.html#yeo1491314105959"
                        }
                      ]
                    }
                  ]
                }
              ]
            }
            , {
              "type":"inst"
              , "id":9
              , "name":"Store"
              , "debug":
              [
                [
                  {
                    "filename":"/home/bahram/Desktop/newFromScratch/SimpleKernel.cl"
                    , "line":80
                  }
                ]
              ]
              , "details":
              [
                {
                  "type":"table"
                  , "Width":"32 bits"
                  , "Type":"Pipelined"
                  , "Stall-free":"Yes"
                  , "Stores to":"heights_block"
                  , "Start Cycle":"200"
                  , "Latency":"1"
                  , "Reference":
                  [
                    {
                      "type":"text"
                      , "text":"See %L for more information"
                      , "links":
                      [
                        {
                          "guide":"Best Practices Guide : Load-Store Units"
                          , "link":"https://www.altera.com/documentation/mwh1391807516407.html#yeo1491314105959"
                        }
                      ]
                    }
                  ]
                }
              ]
            }
            , {
              "type":"inst"
              , "id":10
              , "name":"Store"
              , "debug":
              [
                [
                  {
                    "filename":"/home/bahram/Desktop/newFromScratch/SimpleKernel.cl"
                    , "line":80
                  }
                ]
              ]
              , "details":
              [
                {
                  "type":"table"
                  , "Width":"32 bits"
                  , "Type":"Pipelined"
                  , "Stall-free":"Yes"
                  , "Stores to":"heights_block"
                  , "Start Cycle":"200"
                  , "Latency":"1"
                  , "Reference":
                  [
                    {
                      "type":"text"
                      , "text":"See %L for more information"
                      , "links":
                      [
                        {
                          "guide":"Best Practices Guide : Load-Store Units"
                          , "link":"https://www.altera.com/documentation/mwh1391807516407.html#yeo1491314105959"
                        }
                      ]
                    }
                  ]
                }
              ]
            }
            , {
              "type":"inst"
              , "id":11
              , "name":"Store"
              , "debug":
              [
                [
                  {
                    "filename":"/home/bahram/Desktop/newFromScratch/SimpleKernel.cl"
                    , "line":91
                  }
                ]
              ]
              , "details":
              [
                {
                  "type":"table"
                  , "Width":"32 bits"
                  , "Type":"Pipelined"
                  , "Stall-free":"Yes"
                  , "Stores to":"excess_block"
                  , "Start Cycle":"200"
                  , "Latency":"1"
                  , "Reference":
                  [
                    {
                      "type":"text"
                      , "text":"See %L for more information"
                      , "links":
                      [
                        {
                          "guide":"Best Practices Guide : Load-Store Units"
                          , "link":"https://www.altera.com/documentation/mwh1391807516407.html#yeo1491314105959"
                        }
                      ]
                    }
                  ]
                }
              ]
            }
            , {
              "type":"inst"
              , "id":12
              , "name":"Store"
              , "debug":
              [
                [
                  {
                    "filename":"/home/bahram/Desktop/newFromScratch/SimpleKernel.cl"
                    , "line":91
                  }
                ]
              ]
              , "details":
              [
                {
                  "type":"table"
                  , "Width":"32 bits"
                  , "Type":"Pipelined"
                  , "Stall-free":"Yes"
                  , "Stores to":"excess_block"
                  , "Start Cycle":"200"
                  , "Latency":"1"
                  , "Reference":
                  [
                    {
                      "type":"text"
                      , "text":"See %L for more information"
                      , "links":
                      [
                        {
                          "guide":"Best Practices Guide : Load-Store Units"
                          , "link":"https://www.altera.com/documentation/mwh1391807516407.html#yeo1491314105959"
                        }
                      ]
                    }
                  ]
                }
              ]
            }
            , {
              "type":"inst"
              , "id":13
              , "name":"Store"
              , "debug":
              [
                [
                  {
                    "filename":"/home/bahram/Desktop/newFromScratch/SimpleKernel.cl"
                    , "line":83
                  }
                ]
              ]
              , "details":
              [
                {
                  "type":"table"
                  , "Width":"32 bits"
                  , "Type":"Pipelined"
                  , "Stall-free":"Yes"
                  , "Stores to":"heights_block"
                  , "Start Cycle":"200"
                  , "Latency":"1"
                  , "Reference":
                  [
                    {
                      "type":"text"
                      , "text":"See %L for more information"
                      , "links":
                      [
                        {
                          "guide":"Best Practices Guide : Load-Store Units"
                          , "link":"https://www.altera.com/documentation/mwh1391807516407.html#yeo1491314105959"
                        }
                      ]
                    }
                  ]
                }
              ]
            }
            , {
              "type":"inst"
              , "id":14
              , "name":"Store"
              , "debug":
              [
                [
                  {
                    "filename":"/home/bahram/Desktop/newFromScratch/SimpleKernel.cl"
                    , "line":96
                  }
                ]
              ]
              , "details":
              [
                {
                  "type":"table"
                  , "Width":"64 bits"
                  , "Type":"Pipelined"
                  , "Stall-free":"Yes"
                  , "Stores to":"residualFlow_right_block"
                  , "Start Cycle":"200"
                  , "Latency":"1"
                  , "Reference":
                  [
                    {
                      "type":"text"
                      , "text":"See %L for more information"
                      , "links":
                      [
                        {
                          "guide":"Best Practices Guide : Load-Store Units"
                          , "link":"https://www.altera.com/documentation/mwh1391807516407.html#yeo1491314105959"
                        }
                      ]
                    }
                  ]
                }
              ]
            }
            , {
              "type":"inst"
              , "id":15
              , "name":"Store"
              , "debug":
              [
                [
                  {
                    "filename":"/home/bahram/Desktop/newFromScratch/SimpleKernel.cl"
                    , "line":101
                  }
                ]
              ]
              , "details":
              [
                {
                  "type":"table"
                  , "Width":"64 bits"
                  , "Type":"Pipelined"
                  , "Stall-free":"Yes"
                  , "Stores to":"residualFlow_left_block"
                  , "Start Cycle":"200"
                  , "Latency":"1"
                  , "Reference":
                  [
                    {
                      "type":"text"
                      , "text":"See %L for more information"
                      , "links":
                      [
                        {
                          "guide":"Best Practices Guide : Load-Store Units"
                          , "link":"https://www.altera.com/documentation/mwh1391807516407.html#yeo1491314105959"
                        }
                      ]
                    }
                  ]
                }
              ]
            }
            , {
              "type":"inst"
              , "id":16
              , "name":"Load"
              , "debug":
              [
                [
                  {
                    "filename":"/home/bahram/Desktop/newFromScratch/SimpleKernel.cl"
                    , "line":111
                  }
                ]
              ]
              , "details":
              [
                {
                  "type":"table"
                  , "Width":"32 bits"
                  , "Type":"Pipelined"
                  , "Stall-free":"Yes"
                  , "Loads from":"excess_block"
                  , "Start Cycle":"205"
                  , "Latency":"4"
                  , "Reference":
                  [
                    {
                      "type":"text"
                      , "text":"See %L for more information"
                      , "links":
                      [
                        {
                          "guide":"Best Practices Guide : Load-Store Units"
                          , "link":"https://www.altera.com/documentation/mwh1391807516407.html#yeo1491314105959"
                        }
                      ]
                    }
                  ]
                }
              ]
            }
            , {
              "type":"inst"
              , "id":17
              , "name":"Load"
              , "debug":
              [
                [
                  {
                    "filename":"/home/bahram/Desktop/newFromScratch/SimpleKernel.cl"
                    , "line":110
                  }
                ]
              ]
              , "details":
              [
                {
                  "type":"table"
                  , "Width":"64 bits"
                  , "Type":"Pipelined"
                  , "Stall-free":"Yes"
                  , "Loads from":"residualFlow_right_block"
                  , "Start Cycle":"205"
                  , "Latency":"4"
                  , "Reference":
                  [
                    {
                      "type":"text"
                      , "text":"See %L for more information"
                      , "links":
                      [
                        {
                          "guide":"Best Practices Guide : Load-Store Units"
                          , "link":"https://www.altera.com/documentation/mwh1391807516407.html#yeo1491314105959"
                        }
                      ]
                    }
                  ]
                }
              ]
            }
            , {
              "type":"inst"
              , "id":18
              , "name":"Load"
              , "debug":
              [
                [
                  {
                    "filename":"/home/bahram/Desktop/newFromScratch/SimpleKernel.cl"
                    , "line":112
                  }
                ]
              ]
              , "details":
              [
                {
                  "type":"table"
                  , "Width":"32 bits"
                  , "Type":"Pipelined"
                  , "Stall-free":"Yes"
                  , "Loads from":"excess_block"
                  , "Start Cycle":"212"
                  , "Latency":"4"
                  , "Reference":
                  [
                    {
                      "type":"text"
                      , "text":"See %L for more information"
                      , "links":
                      [
                        {
                          "guide":"Best Practices Guide : Load-Store Units"
                          , "link":"https://www.altera.com/documentation/mwh1391807516407.html#yeo1491314105959"
                        }
                      ]
                    }
                  ]
                }
              ]
            }
            , {
              "type":"inst"
              , "id":19
              , "name":"Load"
              , "debug":
              [
                [
                  {
                    "filename":"/home/bahram/Desktop/newFromScratch/SimpleKernel.cl"
                    , "line":113
                  }
                ]
              ]
              , "details":
              [
                {
                  "type":"table"
                  , "Width":"32 bits"
                  , "Type":"Pipelined"
                  , "Stall-free":"Yes"
                  , "Loads from":"heights_block"
                  , "Start Cycle":"211"
                  , "Latency":"4"
                  , "Reference":
                  [
                    {
                      "type":"text"
                      , "text":"See %L for more information"
                      , "links":
                      [
                        {
                          "guide":"Best Practices Guide : Load-Store Units"
                          , "link":"https://www.altera.com/documentation/mwh1391807516407.html#yeo1491314105959"
                        }
                      ]
                    }
                  ]
                }
              ]
            }
            , {
              "type":"inst"
              , "id":20
              , "name":"Load"
              , "debug":
              [
                [
                  {
                    "filename":"/home/bahram/Desktop/newFromScratch/SimpleKernel.cl"
                    , "line":113
                  }
                ]
              ]
              , "details":
              [
                {
                  "type":"table"
                  , "Width":"32 bits"
                  , "Type":"Pipelined"
                  , "Stall-free":"Yes"
                  , "Loads from":"heights_block"
                  , "Start Cycle":"211"
                  , "Latency":"4"
                  , "Reference":
                  [
                    {
                      "type":"text"
                      , "text":"See %L for more information"
                      , "links":
                      [
                        {
                          "guide":"Best Practices Guide : Load-Store Units"
                          , "link":"https://www.altera.com/documentation/mwh1391807516407.html#yeo1491314105959"
                        }
                      ]
                    }
                  ]
                }
              ]
            }
            , {
              "type":"inst"
              , "id":21
              , "name":"Store"
              , "debug":
              [
                [
                  {
                    "filename":"/home/bahram/Desktop/newFromScratch/SimpleKernel.cl"
                    , "line":120
                  }
                ]
              ]
              , "details":
              [
                {
                  "type":"table"
                  , "Width":"32 bits"
                  , "Type":"Pipelined"
                  , "Stall-free":"Yes"
                  , "Stores to":"excess_block"
                  , "Start Cycle":"218"
                  , "Latency":"1"
                  , "Reference":
                  [
                    {
                      "type":"text"
                      , "text":"See %L for more information"
                      , "links":
                      [
                        {
                          "guide":"Best Practices Guide : Load-Store Units"
                          , "link":"https://www.altera.com/documentation/mwh1391807516407.html#yeo1491314105959"
                        }
                      ]
                    }
                  ]
                }
              ]
            }
            , {
              "type":"inst"
              , "id":22
              , "name":"Load"
              , "debug":
              [
                [
                  {
                    "filename":"/home/bahram/Desktop/newFromScratch/SimpleKernel.cl"
                    , "line":113
                  }
                ]
              ]
              , "details":
              [
                {
                  "type":"table"
                  , "Width":"32 bits"
                  , "Type":"Pipelined"
                  , "Stall-free":"Yes"
                  , "Loads from":"heights_block"
                  , "Start Cycle":"220"
                  , "Latency":"4"
                  , "Reference":
                  [
                    {
                      "type":"text"
                      , "text":"See %L for more information"
                      , "links":
                      [
                        {
                          "guide":"Best Practices Guide : Load-Store Units"
                          , "link":"https://www.altera.com/documentation/mwh1391807516407.html#yeo1491314105959"
                        }
                      ]
                    }
                  ]
                }
              ]
            }
            , {
              "type":"inst"
              , "id":23
              , "name":"Load"
              , "debug":
              [
                [
                  {
                    "filename":"/home/bahram/Desktop/newFromScratch/SimpleKernel.cl"
                    , "line":113
                  }
                ]
              ]
              , "details":
              [
                {
                  "type":"table"
                  , "Width":"32 bits"
                  , "Type":"Pipelined"
                  , "Stall-free":"Yes"
                  , "Loads from":"heights_block"
                  , "Start Cycle":"220"
                  , "Latency":"4"
                  , "Reference":
                  [
                    {
                      "type":"text"
                      , "text":"See %L for more information"
                      , "links":
                      [
                        {
                          "guide":"Best Practices Guide : Load-Store Units"
                          , "link":"https://www.altera.com/documentation/mwh1391807516407.html#yeo1491314105959"
                        }
                      ]
                    }
                  ]
                }
              ]
            }
            , {
              "type":"inst"
              , "id":24
              , "name":"Load"
              , "debug":
              [
                [
                  {
                    "filename":"/home/bahram/Desktop/newFromScratch/SimpleKernel.cl"
                    , "line":123
                  }
                ]
              ]
              , "details":
              [
                {
                  "type":"table"
                  , "Width":"64 bits"
                  , "Type":"Pipelined"
                  , "Stall-free":"Yes"
                  , "Loads from":"residualFlow_left_block"
                  , "Start Cycle":"227"
                  , "Latency":"4"
                  , "Reference":
                  [
                    {
                      "type":"text"
                      , "text":"See %L for more information"
                      , "links":
                      [
                        {
                          "guide":"Best Practices Guide : Load-Store Units"
                          , "link":"https://www.altera.com/documentation/mwh1391807516407.html#yeo1491314105959"
                        }
                      ]
                    }
                  ]
                }
              ]
            }
            , {
              "type":"inst"
              , "id":25
              , "name":"Store"
              , "debug":
              [
                [
                  {
                    "filename":"/home/bahram/Desktop/newFromScratch/SimpleKernel.cl"
                    , "line":125
                  }
                ]
              ]
              , "details":
              [
                {
                  "type":"table"
                  , "Width":"32 bits"
                  , "Type":"Pipelined"
                  , "Stall-free":"Yes"
                  , "Stores to":"excess_block"
                  , "Start Cycle":"218"
                  , "Latency":"1"
                  , "Reference":
                  [
                    {
                      "type":"text"
                      , "text":"See %L for more information"
                      , "links":
                      [
                        {
                          "guide":"Best Practices Guide : Load-Store Units"
                          , "link":"https://www.altera.com/documentation/mwh1391807516407.html#yeo1491314105959"
                        }
                      ]
                    }
                  ]
                }
              ]
            }
            , {
              "type":"inst"
              , "id":26
              , "name":"Load"
              , "debug":
              [
                [
                  {
                    "filename":"/home/bahram/Desktop/newFromScratch/SimpleKernel.cl"
                    , "line":112
                  }
                ]
              ]
              , "details":
              [
                {
                  "type":"table"
                  , "Width":"32 bits"
                  , "Type":"Pipelined"
                  , "Stall-free":"Yes"
                  , "Loads from":"excess_block"
                  , "Start Cycle":"218"
                  , "Latency":"4"
                  , "Reference":
                  [
                    {
                      "type":"text"
                      , "text":"See %L for more information"
                      , "links":
                      [
                        {
                          "guide":"Best Practices Guide : Load-Store Units"
                          , "link":"https://www.altera.com/documentation/mwh1391807516407.html#yeo1491314105959"
                        }
                      ]
                    }
                  ]
                }
              ]
            }
            , {
              "type":"inst"
              , "id":27
              , "name":"Store"
              , "debug":
              [
                [
                  {
                    "filename":"/home/bahram/Desktop/newFromScratch/SimpleKernel.cl"
                    , "line":119
                  }
                ]
              ]
              , "details":
              [
                {
                  "type":"table"
                  , "Width":"64 bits"
                  , "Type":"Pipelined"
                  , "Stall-free":"Yes"
                  , "Stores to":"residualFlow_right_block"
                  , "Start Cycle":"227"
                  , "Latency":"1"
                  , "Reference":
                  [
                    {
                      "type":"text"
                      , "text":"See %L for more information"
                      , "links":
                      [
                        {
                          "guide":"Best Practices Guide : Load-Store Units"
                          , "link":"https://www.altera.com/documentation/mwh1391807516407.html#yeo1491314105959"
                        }
                      ]
                    }
                  ]
                }
              ]
            }
            , {
              "type":"inst"
              , "id":28
              , "name":"Store"
              , "debug":
              [
                [
                  {
                    "filename":"/home/bahram/Desktop/newFromScratch/SimpleKernel.cl"
                    , "line":120
                  }
                ]
              ]
              , "details":
              [
                {
                  "type":"table"
                  , "Width":"32 bits"
                  , "Type":"Pipelined"
                  , "Stall-free":"Yes"
                  , "Stores to":"excess_block"
                  , "Start Cycle":"227"
                  , "Latency":"1"
                  , "Reference":
                  [
                    {
                      "type":"text"
                      , "text":"See %L for more information"
                      , "links":
                      [
                        {
                          "guide":"Best Practices Guide : Load-Store Units"
                          , "link":"https://www.altera.com/documentation/mwh1391807516407.html#yeo1491314105959"
                        }
                      ]
                    }
                  ]
                }
              ]
            }
            , {
              "type":"inst"
              , "id":29
              , "name":"Store"
              , "debug":
              [
                [
                  {
                    "filename":"/home/bahram/Desktop/newFromScratch/SimpleKernel.cl"
                    , "line":123
                  }
                ]
              ]
              , "details":
              [
                {
                  "type":"table"
                  , "Width":"64 bits"
                  , "Type":"Pipelined"
                  , "Stall-free":"Yes"
                  , "Stores to":"residualFlow_left_block"
                  , "Start Cycle":"232"
                  , "Latency":"1"
                  , "Reference":
                  [
                    {
                      "type":"text"
                      , "text":"See %L for more information"
                      , "links":
                      [
                        {
                          "guide":"Best Practices Guide : Load-Store Units"
                          , "link":"https://www.altera.com/documentation/mwh1391807516407.html#yeo1491314105959"
                        }
                      ]
                    }
                  ]
                }
              ]
            }
            , {
              "type":"inst"
              , "id":30
              , "name":"Load"
              , "debug":
              [
                [
                  {
                    "filename":"/home/bahram/Desktop/newFromScratch/SimpleKernel.cl"
                    , "line":133
                  }
                ]
              ]
              , "details":
              [
                {
                  "type":"table"
                  , "Width":"32 bits"
                  , "Type":"Semi-streaming"
                  , "Stall-free":"No"
                  , "Loads from":"netFlowOutS"
                  , "Start Cycle":"236"
                  , "Latency":"2"
                  , "Reference":
                  [
                    {
                      "type":"text"
                      , "text":"See %L for more information"
                      , "links":
                      [
                        {
                          "guide":"Best Practices Guide : Load-Store Units"
                          , "link":"https://www.altera.com/documentation/mwh1391807516407.html#yeo1491314105959"
                        }
                      ]
                    }
                  ]
                }
              ]
            }
            , {
              "type":"inst"
              , "id":31
              , "name":"Store"
              , "debug":
              [
                [
                  {
                    "filename":"/home/bahram/Desktop/newFromScratch/SimpleKernel.cl"
                    , "line":130
                  }
                ]
              ]
              , "details":
              [
                {
                  "type":"table"
                  , "Width":"32 bits"
                  , "Type":"Burst-coalesced"
                  , "Stall-free":"No"
                  , "Start Cycle":"236"
                  , "Latency":"2"
                  , "Reference":
                  [
                    {
                      "type":"text"
                      , "text":"See %L for more information"
                      , "links":
                      [
                        {
                          "guide":"Best Practices Guide : Load-Store Units"
                          , "link":"https://www.altera.com/documentation/mwh1391807516407.html#yeo1491314105959"
                        }
                      ]
                    }
                  ]
                }
              ]
            }
            , {
              "type":"inst"
              , "id":32
              , "name":"Load"
              , "debug":
              [
                [
                  {
                    "filename":"/home/bahram/Desktop/newFromScratch/SimpleKernel.cl"
                    , "line":141
                  }
                ]
              ]
              , "details":
              [
                {
                  "type":"table"
                  , "Width":"32 bits"
                  , "Type":"Pipelined"
                  , "Stall-free":"Yes"
                  , "Loads from":"excess_block"
                  , "Start Cycle":"240"
                  , "Latency":"4"
                  , "Reference":
                  [
                    {
                      "type":"text"
                      , "text":"See %L for more information"
                      , "links":
                      [
                        {
                          "guide":"Best Practices Guide : Load-Store Units"
                          , "link":"https://www.altera.com/documentation/mwh1391807516407.html#yeo1491314105959"
                        }
                      ]
                    }
                  ]
                }
              ]
            }
            , {
              "type":"inst"
              , "id":33
              , "name":"Load"
              , "debug":
              [
                [
                  {
                    "filename":"/home/bahram/Desktop/newFromScratch/SimpleKernel.cl"
                    , "line":141
                  }
                ]
              ]
              , "details":
              [
                {
                  "type":"table"
                  , "Width":"32 bits"
                  , "Type":"Pipelined"
                  , "Stall-free":"Yes"
                  , "Loads from":"excess_block"
                  , "Start Cycle":"240"
                  , "Latency":"4"
                  , "Reference":
                  [
                    {
                      "type":"text"
                      , "text":"See %L for more information"
                      , "links":
                      [
                        {
                          "guide":"Best Practices Guide : Load-Store Units"
                          , "link":"https://www.altera.com/documentation/mwh1391807516407.html#yeo1491314105959"
                        }
                      ]
                    }
                  ]
                }
              ]
            }
            , {
              "type":"inst"
              , "id":34
              , "name":"Load"
              , "debug":
              [
                [
                  {
                    "filename":"/home/bahram/Desktop/newFromScratch/SimpleKernel.cl"
                    , "line":142
                  }
                ]
              ]
              , "details":
              [
                {
                  "type":"table"
                  , "Width":"64 bits"
                  , "Type":"Pipelined"
                  , "Stall-free":"Yes"
                  , "Loads from":"residualFlow_right_block"
                  , "Start Cycle":"240"
                  , "Latency":"4"
                  , "Reference":
                  [
                    {
                      "type":"text"
                      , "text":"See %L for more information"
                      , "links":
                      [
                        {
                          "guide":"Best Practices Guide : Load-Store Units"
                          , "link":"https://www.altera.com/documentation/mwh1391807516407.html#yeo1491314105959"
                        }
                      ]
                    }
                  ]
                }
              ]
            }
            , {
              "type":"inst"
              , "id":35
              , "name":"Load"
              , "debug":
              [
                [
                  {
                    "filename":"/home/bahram/Desktop/newFromScratch/SimpleKernel.cl"
                    , "line":143
                  }
                ]
              ]
              , "details":
              [
                {
                  "type":"table"
                  , "Width":"64 bits"
                  , "Type":"Pipelined"
                  , "Stall-free":"Yes"
                  , "Loads from":"residualFlow_left_block"
                  , "Start Cycle":"240"
                  , "Latency":"4"
                  , "Reference":
                  [
                    {
                      "type":"text"
                      , "text":"See %L for more information"
                      , "links":
                      [
                        {
                          "guide":"Best Practices Guide : Load-Store Units"
                          , "link":"https://www.altera.com/documentation/mwh1391807516407.html#yeo1491314105959"
                        }
                      ]
                    }
                  ]
                }
              ]
            }
            , {
              "type":"inst"
              , "id":36
              , "name":"Store"
              , "debug":
              [
                [
                  {
                    "filename":"/home/bahram/Desktop/newFromScratch/SimpleKernel.cl"
                    , "line":133
                  }
                ]
              ]
              , "details":
              [
                {
                  "type":"table"
                  , "Width":"32 bits"
                  , "Type":"Burst-coalesced"
                  , "Stall-free":"No"
                  , "Stores to":"netFlowOutS"
                  , "Start Cycle":"239"
                  , "Latency":"53"
                  , "Reference":
                  [
                    {
                      "type":"text"
                      , "text":"See %L for more information"
                      , "links":
                      [
                        {
                          "guide":"Best Practices Guide : Load-Store Units"
                          , "link":"https://www.altera.com/documentation/mwh1391807516407.html#yeo1491314105959"
                        }
                      ]
                    }
                  ]
                }
              ]
            }
            , {
              "type":"inst"
              , "id":37
              , "name":"Store"
              , "debug":
              [
                [
                  {
                    "filename":"/home/bahram/Desktop/newFromScratch/SimpleKernel.cl"
                    , "line":141
                  }
                ]
              ]
              , "details":
              [
                {
                  "type":"table"
                  , "Width":"64 bits"
                  , "Type":"Burst-coalesced"
                  , "Stall-free":"No"
                  , "Start Cycle":"248"
                  , "Latency":"2"
                  , "Reference":
                  [
                    {
                      "type":"text"
                      , "text":"See %L for more information"
                      , "links":
                      [
                        {
                          "guide":"Best Practices Guide : Load-Store Units"
                          , "link":"https://www.altera.com/documentation/mwh1391807516407.html#yeo1491314105959"
                        }
                      ]
                    }
                  ]
                }
              ]
            }
            , {
              "type":"inst"
              , "id":38
              , "name":"Store"
              , "debug":
              [
                [
                  {
                    "filename":"/home/bahram/Desktop/newFromScratch/SimpleKernel.cl"
                    , "line":142
                  }
                ]
              ]
              , "details":
              [
                {
                  "type":"table"
                  , "Width":"64 bits"
                  , "Type":"Burst-coalesced"
                  , "Stall-free":"No"
                  , "Start Cycle":"248"
                  , "Latency":"2"
                  , "Reference":
                  [
                    {
                      "type":"text"
                      , "text":"See %L for more information"
                      , "links":
                      [
                        {
                          "guide":"Best Practices Guide : Load-Store Units"
                          , "link":"https://www.altera.com/documentation/mwh1391807516407.html#yeo1491314105959"
                        }
                      ]
                    }
                  ]
                }
              ]
            }
            , {
              "type":"inst"
              , "id":39
              , "name":"Store"
              , "debug":
              [
                [
                  {
                    "filename":"/home/bahram/Desktop/newFromScratch/SimpleKernel.cl"
                    , "line":143
                  }
                ]
              ]
              , "details":
              [
                {
                  "type":"table"
                  , "Width":"32 bits"
                  , "Type":"Burst-coalesced"
                  , "Stall-free":"No"
                  , "Start Cycle":"248"
                  , "Latency":"2"
                  , "Reference":
                  [
                    {
                      "type":"text"
                      , "text":"See %L for more information"
                      , "links":
                      [
                        {
                          "guide":"Best Practices Guide : Load-Store Units"
                          , "link":"https://www.altera.com/documentation/mwh1391807516407.html#yeo1491314105959"
                        }
                      ]
                    }
                  ]
                }
              ]
            }
            , {
              "type":"inst"
              , "id":40
              , "name":"Store"
              , "debug":
              [
                [
                  {
                    "filename":"/home/bahram/Desktop/newFromScratch/SimpleKernel.cl"
                    , "line":143
                  }
                ]
              ]
              , "details":
              [
                {
                  "type":"table"
                  , "Width":"32 bits"
                  , "Type":"Burst-coalesced"
                  , "Stall-free":"No"
                  , "Start Cycle":"248"
                  , "Latency":"2"
                  , "Reference":
                  [
                    {
                      "type":"text"
                      , "text":"See %L for more information"
                      , "links":
                      [
                        {
                          "guide":"Best Practices Guide : Load-Store Units"
                          , "link":"https://www.altera.com/documentation/mwh1391807516407.html#yeo1491314105959"
                        }
                      ]
                    }
                  ]
                }
              ]
            }
            , {
              "type":"inst"
              , "id":41
              , "name":"Load"
              , "debug":
              [
                [
                  {
                    "filename":"/home/bahram/Desktop/newFromScratch/SimpleKernel.cl"
                    , "line":133
                  }
                ]
              ]
              , "details":
              [
                {
                  "type":"table"
                  , "Width":"32 bits"
                  , "Type":"Burst-coalesced"
                  , "Stall-free":"No"
                  , "Loads from":"netFlowOutS"
                  , "Start Cycle":"292"
                  , "Latency":"135"
                  , "Reference":
                  [
                    {
                      "type":"text"
                      , "text":"See %L for more information"
                      , "links":
                      [
                        {
                          "guide":"Best Practices Guide : Load-Store Units"
                          , "link":"https://www.altera.com/documentation/mwh1391807516407.html#yeo1491314105959"
                        }
                      ]
                    }
                  ]
                }
              ]
            }
            , {
              "type":"inst"
              , "id":42
              , "name":"Store"
              , "debug":
              [
                [
                  {
                    "filename":"/home/bahram/Desktop/newFromScratch/SimpleKernel.cl"
                    , "line":133
                  }
                ]
              ]
              , "details":
              [
                {
                  "type":"table"
                  , "Width":"32 bits"
                  , "Type":"Burst-coalesced"
                  , "Stall-free":"No"
                  , "Stores to":"netFlowOutS"
                  , "Start Cycle":"428"
                  , "Latency":"2"
                  , "Reference":
                  [
                    {
                      "type":"text"
                      , "text":"See %L for more information"
                      , "links":
                      [
                        {
                          "guide":"Best Practices Guide : Load-Store Units"
                          , "link":"https://www.altera.com/documentation/mwh1391807516407.html#yeo1491314105959"
                        }
                      ]
                    }
                  ]
                }
              ]
            }
            , {
              "type":"inst"
              , "id":43
              , "name":"begin"
              , "details":
              [
                {
                  "type":"table"
                  , "Start Cycle":"0"
                  , "Latency":"1"
                }
              ]
            }
            , {
              "type":"inst"
              , "id":44
              , "name":"end"
              , "details":
              [
                {
                  "type":"table"
                  , "Start Cycle":"430"
                  , "Latency":"1"
                }
              ]
            }
          ]
          , "details":
          [
            {
              "type":"table"
              , "Latency":"430"
            }
          ]
        }
        , {
          "type":"memtype"
          , "id":45
          , "name":"Local Memory"
          , "children":
          [
            {
              "type":"memsys"
              , "id":46
              , "name":"heights_block"
              , "debug":
              [
                [
                  {
                    "filename":"/home/bahram/Desktop/newFromScratch/SimpleKernel.cl"
                    , "line":31
                  }
                ]
              ]
              , "details":
              [
                {
                  "type":"table"
                  , "Requested size":"24 bytes"
                  , "Implemented size":"1792 bytes"
                  , "Number of banks":"1"
                  , "Bank width":"32 bits"
                  , "Bank depth":"8 words"
                  , "Total replication":"56"
                  , "Additional Information":
                  [
                    {
                      "type":"text"
                      , "text":"Replicated 14 times to efficiently support multiple simultaneous workgroups"
                    }
                    , {
                      "type":"text"
                      , "text":"Replicated 4 times to efficiently support multiple accesses"
                    }
                    , {
                      "type":"text"
                      , "text":"Running memory at 2x clock to support more concurrent ports"
                    }
                  ]
                  , "Reference":
                  [
                    {
                      "type":"text"
                      , "text":"See %L for more information"
                      , "links":
                      [
                        {
                          "guide":"Best Practices Guide : Local Memory"
                          , "link":"https://www.altera.com/documentation/mwh1391807516407.html#chn1469549457114"
                        }
                      ]
                    }
                  ]
                }
              ]
            }
            , {
              "type":"memsys"
              , "id":55
              , "name":"excess_block"
              , "debug":
              [
                [
                  {
                    "filename":"/home/bahram/Desktop/newFromScratch/SimpleKernel.cl"
                    , "line":43
                  }
                ]
              ]
              , "details":
              [
                {
                  "type":"table"
                  , "Requested size":"16 bytes"
                  , "Implemented size":"1152 bytes"
                  , "Number of banks":"2"
                  , "Bank width":"32 bits"
                  , "Bank depth":"2 words"
                  , "Total replication":"72"
                  , "Additional Information":
                  [
                    {
                      "type":"text"
                      , "text":"Replicated 24 times to efficiently support multiple simultaneous workgroups"
                    }
                    , {
                      "type":"text"
                      , "text":"Replicated 3 times to efficiently support multiple accesses"
                    }
                    , {
                      "type":"text"
                      , "text":"Running memory at 2x clock to support more concurrent ports"
                    }
                  ]
                  , "Reference":
                  [
                    {
                      "type":"text"
                      , "text":"See %L for more information"
                      , "links":
                      [
                        {
                          "guide":"Best Practices Guide : Local Memory"
                          , "link":"https://www.altera.com/documentation/mwh1391807516407.html#chn1469549457114"
                        }
                      ]
                    }
                  ]
                }
              ]
            }
            , {
              "type":"memsys"
              , "id":68
              , "name":"residualFlow_right_block"
              , "debug":
              [
                [
                  {
                    "filename":"/home/bahram/Desktop/newFromScratch/SimpleKernel.cl"
                    , "line":55
                  }
                ]
              ]
              , "details":
              [
                {
                  "type":"table"
                  , "Requested size":"16 bytes"
                  , "Implemented size":"384 bytes"
                  , "Number of banks":"1"
                  , "Bank width":"64 bits"
                  , "Bank depth":"2 words"
                  , "Total replication":"24"
                  , "Additional Information":
                  [
                    {
                      "type":"text"
                      , "text":"Replicated 24 times to efficiently support multiple simultaneous workgroups"
                    }
                    , {
                      "type":"text"
                      , "text":"Running memory at 2x clock to support more concurrent ports"
                    }
                  ]
                  , "Reference":
                  [
                    {
                      "type":"text"
                      , "text":"See %L for more information"
                      , "links":
                      [
                        {
                          "guide":"Best Practices Guide : Local Memory"
                          , "link":"https://www.altera.com/documentation/mwh1391807516407.html#chn1469549457114"
                        }
                      ]
                    }
                  ]
                }
              ]
            }
            , {
              "type":"memsys"
              , "id":74
              , "name":"residualFlow_left_block"
              , "debug":
              [
                [
                  {
                    "filename":"/home/bahram/Desktop/newFromScratch/SimpleKernel.cl"
                    , "line":67
                  }
                ]
              ]
              , "details":
              [
                {
                  "type":"table"
                  , "Requested size":"16 bytes"
                  , "Implemented size":"384 bytes"
                  , "Number of banks":"1"
                  , "Bank width":"64 bits"
                  , "Bank depth":"2 words"
                  , "Total replication":"24"
                  , "Additional Information":
                  [
                    {
                      "type":"text"
                      , "text":"Replicated 24 times to efficiently support multiple simultaneous workgroups"
                    }
                    , {
                      "type":"text"
                      , "text":"Running memory at 2x clock to support more concurrent ports"
                    }
                  ]
                  , "Reference":
                  [
                    {
                      "type":"text"
                      , "text":"See %L for more information"
                      , "links":
                      [
                        {
                          "guide":"Best Practices Guide : Local Memory"
                          , "link":"https://www.altera.com/documentation/mwh1391807516407.html#chn1469549457114"
                        }
                      ]
                    }
                  ]
                }
              ]
            }
          ]
        }
      ]
    }
    , {
      "type":"memtype"
      , "id":1
      , "name":"Global Memory"
      , "children":
      [
        {
          "type":"memsys"
          , "id":80
          , "name":"Unknown name"
          , "details":
          [
            {
              "type":"table"
              , "Number of banks":"1"
            }
          ]
        }
      ]
    }
  ]
  , "links":
  [
    {
      "from":46
      , "to":19
    }
    , {
      "from":46
      , "to":20
    }
    , {
      "from":46
      , "to":22
    }
    , {
      "from":46
      , "to":23
    }
    , {
      "from":9
      , "to":46
    }
    , {
      "from":10
      , "to":46
    }
    , {
      "from":13
      , "to":46
    }
    , {
      "from":55
      , "to":16
    }
    , {
      "from":55
      , "to":18
    }
    , {
      "from":55
      , "to":26
    }
    , {
      "from":55
      , "to":32
    }
    , {
      "from":55
      , "to":33
    }
    , {
      "from":11
      , "to":55
    }
    , {
      "from":12
      , "to":55
    }
    , {
      "from":21
      , "to":55
    }
    , {
      "from":25
      , "to":55
    }
    , {
      "from":28
      , "to":55
    }
    , {
      "from":68
      , "to":17
    }
    , {
      "from":68
      , "to":34
    }
    , {
      "from":14
      , "to":68
    }
    , {
      "from":27
      , "to":68
    }
    , {
      "from":74
      , "to":24
    }
    , {
      "from":74
      , "to":35
    }
    , {
      "from":15
      , "to":74
    }
    , {
      "from":29
      , "to":74
    }
    , {
      "from":4
      , "to":44
    }
    , {
      "from":5
      , "to":44
    }
    , {
      "from":6
      , "to":44
    }
    , {
      "from":7
      , "to":44
    }
    , {
      "from":8
      , "to":44
    }
    , {
      "from":9
      , "to":44
    }
    , {
      "from":10
      , "to":44
    }
    , {
      "from":11
      , "to":44
    }
    , {
      "from":12
      , "to":44
    }
    , {
      "from":13
      , "to":44
    }
    , {
      "from":14
      , "to":44
    }
    , {
      "from":15
      , "to":44
    }
    , {
      "from":21
      , "to":44
    }
    , {
      "from":26
      , "to":44
    }
    , {
      "from":27
      , "to":44
    }
    , {
      "from":28
      , "to":44
    }
    , {
      "from":29
      , "to":44
    }
    , {
      "from":30
      , "to":44
    }
    , {
      "from":31
      , "to":44
    }
    , {
      "from":32
      , "to":44
    }
    , {
      "from":33
      , "to":44
    }
    , {
      "from":34
      , "to":44
    }
    , {
      "from":35
      , "to":44
    }
    , {
      "from":36
      , "to":44
    }
    , {
      "from":37
      , "to":44
    }
    , {
      "from":38
      , "to":44
    }
    , {
      "from":39
      , "to":44
    }
    , {
      "from":40
      , "to":44
    }
    , {
      "from":41
      , "to":44
    }
    , {
      "from":42
      , "to":44
    }
    , {
      "from":43
      , "to":4
    }
    , {
      "from":43
      , "to":5
    }
    , {
      "from":43
      , "to":6
    }
    , {
      "from":43
      , "to":7
    }
    , {
      "from":43
      , "to":8
    }
    , {
      "from":4
      , "to":9
    }
    , {
      "from":4
      , "to":10
    }
    , {
      "from":5
      , "to":11
    }
    , {
      "from":5
      , "to":12
    }
    , {
      "from":7
      , "to":13
    }
    , {
      "from":6
      , "to":14
    }
    , {
      "from":8
      , "to":15
    }
    , {
      "from":43
      , "to":16
    }
    , {
      "from":43
      , "to":17
    }
    , {
      "from":43
      , "to":18
    }
    , {
      "from":17
      , "to":19
    }
    , {
      "from":16
      , "to":19
    }
    , {
      "from":17
      , "to":20
    }
    , {
      "from":16
      , "to":20
    }
    , {
      "from":17
      , "to":21
    }
    , {
      "from":16
      , "to":21
    }
    , {
      "from":19
      , "to":21
    }
    , {
      "from":20
      , "to":21
    }
    , {
      "from":17
      , "to":22
    }
    , {
      "from":18
      , "to":22
    }
    , {
      "from":16
      , "to":22
    }
    , {
      "from":19
      , "to":22
    }
    , {
      "from":20
      , "to":22
    }
    , {
      "from":17
      , "to":23
    }
    , {
      "from":18
      , "to":23
    }
    , {
      "from":16
      , "to":23
    }
    , {
      "from":19
      , "to":23
    }
    , {
      "from":20
      , "to":23
    }
    , {
      "from":17
      , "to":24
    }
    , {
      "from":16
      , "to":24
    }
    , {
      "from":19
      , "to":24
    }
    , {
      "from":20
      , "to":24
    }
    , {
      "from":18
      , "to":24
    }
    , {
      "from":23
      , "to":24
    }
    , {
      "from":22
      , "to":24
    }
    , {
      "from":17
      , "to":25
    }
    , {
      "from":16
      , "to":25
    }
    , {
      "from":19
      , "to":25
    }
    , {
      "from":20
      , "to":25
    }
    , {
      "from":18
      , "to":25
    }
    , {
      "from":43
      , "to":26
    }
    , {
      "from":17
      , "to":27
    }
    , {
      "from":16
      , "to":27
    }
    , {
      "from":18
      , "to":27
    }
    , {
      "from":19
      , "to":27
    }
    , {
      "from":20
      , "to":27
    }
    , {
      "from":23
      , "to":27
    }
    , {
      "from":22
      , "to":27
    }
    , {
      "from":17
      , "to":28
    }
    , {
      "from":18
      , "to":28
    }
    , {
      "from":16
      , "to":28
    }
    , {
      "from":19
      , "to":28
    }
    , {
      "from":20
      , "to":28
    }
    , {
      "from":23
      , "to":28
    }
    , {
      "from":22
      , "to":28
    }
    , {
      "from":25
      , "to":28
    }
    , {
      "from":17
      , "to":29
    }
    , {
      "from":16
      , "to":29
    }
    , {
      "from":19
      , "to":29
    }
    , {
      "from":20
      , "to":29
    }
    , {
      "from":18
      , "to":29
    }
    , {
      "from":23
      , "to":29
    }
    , {
      "from":22
      , "to":29
    }
    , {
      "from":24
      , "to":29
    }
    , {
      "from":21
      , "to":30
    }
    , {
      "from":26
      , "to":30
    }
    , {
      "from":27
      , "to":30
    }
    , {
      "from":28
      , "to":30
    }
    , {
      "from":29
      , "to":30
    }
    , {
      "from":21
      , "to":31
    }
    , {
      "from":26
      , "to":31
    }
    , {
      "from":27
      , "to":31
    }
    , {
      "from":28
      , "to":31
    }
    , {
      "from":29
      , "to":31
    }
    , {
      "from":43
      , "to":32
    }
    , {
      "from":43
      , "to":33
    }
    , {
      "from":43
      , "to":34
    }
    , {
      "from":43
      , "to":35
    }
    , {
      "from":21
      , "to":36
    }
    , {
      "from":26
      , "to":36
    }
    , {
      "from":27
      , "to":36
    }
    , {
      "from":28
      , "to":36
    }
    , {
      "from":29
      , "to":36
    }
    , {
      "from":30
      , "to":36
    }
    , {
      "from":32
      , "to":37
    }
    , {
      "from":33
      , "to":37
    }
    , {
      "from":34
      , "to":38
    }
    , {
      "from":21
      , "to":39
    }
    , {
      "from":26
      , "to":39
    }
    , {
      "from":27
      , "to":39
    }
    , {
      "from":28
      , "to":39
    }
    , {
      "from":29
      , "to":39
    }
    , {
      "from":35
      , "to":39
    }
    , {
      "from":21
      , "to":40
    }
    , {
      "from":26
      , "to":40
    }
    , {
      "from":27
      , "to":40
    }
    , {
      "from":28
      , "to":40
    }
    , {
      "from":29
      , "to":40
    }
    , {
      "from":35
      , "to":40
    }
    , {
      "from":21
      , "to":41
    }
    , {
      "from":26
      , "to":41
    }
    , {
      "from":27
      , "to":41
    }
    , {
      "from":28
      , "to":41
    }
    , {
      "from":29
      , "to":41
    }
    , {
      "from":36
      , "to":41
    }
    , {
      "from":21
      , "to":42
    }
    , {
      "from":26
      , "to":42
    }
    , {
      "from":27
      , "to":42
    }
    , {
      "from":28
      , "to":42
    }
    , {
      "from":29
      , "to":42
    }
    , {
      "from":41
      , "to":42
    }
    , {
      "from":42
      , "to":80
    }
    , {
      "from":80
      , "to":6
    }
    , {
      "from":37
      , "to":80
    }
    , {
      "from":80
      , "to":30
    }
    , {
      "from":80
      , "to":5
    }
    , {
      "from":80
      , "to":8
    }
    , {
      "from":40
      , "to":80
    }
    , {
      "from":38
      , "to":80
    }
    , {
      "from":80
      , "to":41
    }
    , {
      "from":31
      , "to":80
    }
    , {
      "from":36
      , "to":80
    }
    , {
      "from":39
      , "to":80
    }
    , {
      "from":80
      , "to":7
    }
    , {
      "from":80
      , "to":4
    }
  ]
}
