{
  "performanceSummary":
  {
    "name":"Kernel Summary"
    , "columns":
    ["Kernel Name", "Kernel Type", "Autorun", "Workgroup Size", "# Compute Units"]
    , "children":
    [
      {
        "name":"PushKernel"
        , "data":
        [
          "NDRange"
          , "No"
          , [1, 2, 1]
          , 1
        ]
        , "details":
        [
          {
            "type":"text"
            , "text":"Kernel type: NDRange"
          }
          , {
            "type":"text"
            , "text":"Required workgroup size: (1, 2, 1)"
          }
          , {
            "type":"text"
            , "text":"Maximum workgroup size: 2"
          }
        ]
        , "debug":
        [
          [
            {
              "filename":"/home/bahram/Desktop/newFromScratch/SimpleKernel.cl"
              , "line":12
            }
          ]
        ]
      }
    ]
  }
  , "estimatedResources":
  {
    "name":"Estimated Resource Usage"
    , "columns":
    ["Kernel Name", "ALUTs ", "FFs  ", "RAMs ", "DSPs "]
    , "children":
    [
      {
        "name":"PushKernel"
        , "data":
        [14407, 33576, 224, 9]
        , "debug":
        [
          [
            {
              "filename":"/home/bahram/Desktop/newFromScratch/SimpleKernel.cl"
              , "line":12
            }
          ]
        ]
      }
      , {
        "name":"Global Interconnect"
        , "classes":
        ["summary-highlight", "nohover"]
        , "data":
        [2276, 4938, 10, 0]
      }
      , {
        "name":"Board Interface"
        , "classes":
        ["summary-highlight", "nohover"]
        , "data":
        [2160, 1908, 20, 0]
      }
      , {
        "name":"Total"
        , "classes":
        ["summary-highlight", "nohover"]
        , "data":
        [18843, 40422, 254, 9]
        , "data_percent":
        [17.1969, 18.4454, 49.4163, 8.03571]
      }
      , {
        "name":"Available"
        , "classes":
        ["summary-highlight", "nohover"]
        , "data":
        [109572, 219144, 514, 112]
      }
    ]
  }
  , "compileWarnings":
  {
    "name":"Compile Warnings"
    , "children":
    [
      {
        "name":"Load uses a Burst-coalesced non-aligned LSU"
        , "details":
        [
          {
            "type":"text"
            , "text":"Use Dynamic Profiler to determine performance impact of this LSU."
          }
        ]
        , "debug":
        [
          [
            {
              "filename":"/home/bahram/Desktop/newFromScratch/SimpleKernel.cl"
              , "line":101
            }
          ]
        ]
      }
      , {
        "name":"Load uses a Semi-streaming LSU"
        , "details":
        [
          {
            "type":"text"
            , "text":"Load with a private 32768 bit cache. Cache is not shared with any other load. It is flushed on kernel start. Use Dynamic Profiler to verify cache effectiveness. Other kernels should not be updating the data in global memory while this kernel is using it. Cache is created when memory access pattern is data-dependent or appears to be repetitive. Simplify access pattern or mark pointer as 'volatile' to disable generation of this cache."
          }
        ]
        , "debug":
        [
          [
            {
              "filename":"/home/bahram/Desktop/newFromScratch/SimpleKernel.cl"
              , "line":133
            }
          ]
          , [
            {
              "filename":"/home/bahram/Desktop/newFromScratch/SimpleKernel.cl"
              , "line":134
            }
          ]
        ]
      }
    ]
  }
}
