{"rows":[
{"name":"Auto-unrolled loop at /home/bahram/Desktop/newFromScratch/SimpleKernel.cl:143..."
,"details":["Compiler Warning: Auto-unrolled loop at /home/bahram/Desktop/newFromScratch/SimpleKernel.cl:143"]}
,{"name":"Auto-unrolled loop at /home/bahram/Desktop/newFromScratch/SimpleKernel.cl:142..."
,"details":["Compiler Warning: Auto-unrolled loop at /home/bahram/Desktop/newFromScratch/SimpleKernel.cl:142"]}
,{"name":"Auto-unrolled loop at /home/bahram/Desktop/newFromScratch/SimpleKernel.cl:141..."
,"details":["Compiler Warning: Auto-unrolled loop at /home/bahram/Desktop/newFromScratch/SimpleKernel.cl:141"]}
]}