{"max_resources":[109572,219144,514,112],"name":"Kernel System","children":[{"name":"Board interface","type":"resource","data":[2160,1908,20,0],"details":[{"text":"Platform interface logic.","type":"text"}]},{"name":"Global interconnect","type":"resource","data":[792,3014,10,0],"details":[{"text":"Global interconnect for 6 global loads and 2 global stores. Reduce number of global loads and stores to simplify global interconnect.","type":"text"},{"text":"See %L for more information","type":"text","links":[{"link":"https://www.altera.com/documentation/mwh1391807516407.html#hnj1476724450050","guide":"Best Practices Guide : Global Memory Interconnect"}]}]},{"name":"PushKernel","total_kernel_resources":[8445,25904,168,2],"debug":[[{"filename":"/home/bahram/Desktop/newFromScratch/SimpleKernel.cl","line":36}]],"type":"function","total_percent":[19.4921,7.70726,11.8205,32.6848,1.78571],"children":[{"detail":[{"text":"Feedback + Cluster logic","type":"text"}],"name":"Data control overhead","type":"resource","data":[105,55,0,0]},{"name":"Function overhead","type":"resource","data":[1622,1598,0,0],"details":[{"text":"Kernel dispatch logic.","type":"text"}]},{"name":"SimpleKernel.cl:36 (heights_block)","type":"resource","data":[516,6144,56,0],"details":[{"Total replication":6,"Number of banks":"4 (banked on bits 4, 5)","Bank depth":"1 word","Additional information":[{"text":"Requested size 64 bytes, implemented size 384 bytes, replicated 6 times total, stall-free, 6 reads and 4 writes. ","type":"text"},{"text":"Replicated 3 times to efficiently support multiple simultaneous workgroups. This replication resulted in no increase in actual block RAM usage.","type":"text"},{"text":"Replicated 2 times to efficiently support multiple accesses. To reduce this replication factor, reduce number of read and write accesses.","type":"text"},{"text":"Banked on bits 4, 5 into 4 separate banks.","type":"text"}],"Local memory":"Good but replicated","Implemented size":"384 bytes","Bank width":"128 bits","Reference":[{"text":"See %L for more information.","type":"text","links":[{"link":"https://www.altera.com/documentation/mwh1391807516407.html#chn1469549457114","guide":"Best Practices Guide : Local Memory"}]}],"Requested size":"64 bytes","Clock":"Running memory at 2x clock to support more concurrent ports","type":"table"}]},{"name":"No Source Line","children":[{"count":1,"name":"State","data":[757,1416,0,0],"debug":[[{"filename":"","line":0}]],"type":"resource"},{"count":1,"name":"32-bit Integer Add","data":[33,0,0,0],"debug":[[{"filename":"","line":0}]],"type":"resource"},{"count":1,"name":"Work-group limiter exit","data":[17,33,0,0],"debug":[[{"filename":"","line":0}]],"type":"resource"}],"type":"resource","data":[807,1449,0,0]},{"replace_name":"true","debug":[[{"filename":"/home/bahram/Desktop/newFromScratch/SimpleKernel.cl","line":23}]],"name":"/home/bahram/Desktop/newFromScratch/SimpleKernel.cl:23","children":[{"count":1,"name":"32-bit Integer Add","data":[33,0,0,0],"debug":[[{"filename":"/home/bahram/Desktop/newFromScratch/SimpleKernel.cl","line":23}]],"type":"resource"},{"count":1,"name":"32-bit Integer Multiply","data":[65,0,0,2],"debug":[[{"filename":"/home/bahram/Desktop/newFromScratch/SimpleKernel.cl","line":23}]],"type":"resource"}],"data":[98,0,0,2],"type":"resource"},{"replace_name":"true","debug":[[{"filename":"/home/bahram/Desktop/newFromScratch/SimpleKernel.cl","line":25}]],"name":"/home/bahram/Desktop/newFromScratch/SimpleKernel.cl:25","children":[{"count":1,"name":"32-bit Integer Add","data":[33,0,0,0],"debug":[[{"filename":"/home/bahram/Desktop/newFromScratch/SimpleKernel.cl","line":25}]],"type":"resource"}],"data":[33,0,0,0],"type":"resource"},{"replace_name":"true","debug":[[{"filename":"/home/bahram/Desktop/newFromScratch/SimpleKernel.cl","line":48}]],"name":"/home/bahram/Desktop/newFromScratch/SimpleKernel.cl:48","children":[{"count":1,"name":"Integer Compare","data":[11,0,0,0],"debug":[[{"filename":"/home/bahram/Desktop/newFromScratch/SimpleKernel.cl","line":48}]],"type":"resource"},{"count":1,"name":"Or","data":[11,1,0,0],"debug":[[{"filename":"/home/bahram/Desktop/newFromScratch/SimpleKernel.cl","line":48}]],"type":"resource"}],"data":[22,1,0,0],"type":"resource"},{"replace_name":"true","debug":[[{"filename":"/home/bahram/Desktop/newFromScratch/SimpleKernel.cl","line":51}]],"name":"/home/bahram/Desktop/newFromScratch/SimpleKernel.cl:51","children":[{"count":1,"name":"Load","data":[470,2034,13,0],"debug":[[{"filename":"/home/bahram/Desktop/newFromScratch/SimpleKernel.cl","line":51}]],"type":"resource"},{"count":1,"name":"Store","data":[6.8,4.8,0,0],"debug":[[{"filename":"/home/bahram/Desktop/newFromScratch/SimpleKernel.cl","line":51}]],"type":"resource"}],"data":[476.8,2038.8,13,0],"type":"resource"},{"replace_name":"true","debug":[[{"filename":"/home/bahram/Desktop/newFromScratch/SimpleKernel.cl","line":52}]],"name":"/home/bahram/Desktop/newFromScratch/SimpleKernel.cl:52","children":[{"count":1,"name":"Load","data":[310.333,869,5.33333,0],"debug":[[{"filename":"/home/bahram/Desktop/newFromScratch/SimpleKernel.cl","line":52}]],"type":"resource"},{"count":1,"name":"Store","data":[8.5,6,0,0],"debug":[[{"filename":"/home/bahram/Desktop/newFromScratch/SimpleKernel.cl","line":52}]],"type":"resource"}],"data":[318.833,875,5.33333,0],"type":"resource"},{"replace_name":"true","debug":[[{"filename":"/home/bahram/Desktop/newFromScratch/SimpleKernel.cl","line":56}]],"name":"/home/bahram/Desktop/newFromScratch/SimpleKernel.cl:56","children":[{"count":1,"name":"Integer Compare","data":[35,1,0,0],"debug":[[{"filename":"/home/bahram/Desktop/newFromScratch/SimpleKernel.cl","line":56}]],"type":"resource"}],"data":[35,1,0,0],"type":"resource"},{"replace_name":"true","debug":[[{"filename":"/home/bahram/Desktop/newFromScratch/SimpleKernel.cl","line":59}]],"name":"/home/bahram/Desktop/newFromScratch/SimpleKernel.cl:59","children":[{"count":1,"name":"32-bit Integer Subtract","data":[33,0,0,0],"debug":[[{"filename":"/home/bahram/Desktop/newFromScratch/SimpleKernel.cl","line":59}]],"type":"resource"},{"count":1,"name":"Load","data":[687,2415,16,0],"debug":[[{"filename":"/home/bahram/Desktop/newFromScratch/SimpleKernel.cl","line":59}]],"type":"resource"},{"count":2,"name":"Select","data":[32,0,0,0],"debug":[[{"filename":"/home/bahram/Desktop/newFromScratch/SimpleKernel.cl","line":59}]],"type":"resource"},{"count":1,"name":"Store","data":[8.5,6,0,0],"debug":[[{"filename":"/home/bahram/Desktop/newFromScratch/SimpleKernel.cl","line":59}]],"type":"resource"}],"data":[760.5,2421,16,0],"type":"resource"},{"replace_name":"true","debug":[[{"filename":"/home/bahram/Desktop/newFromScratch/SimpleKernel.cl","line":65}]],"name":"/home/bahram/Desktop/newFromScratch/SimpleKernel.cl:65","children":[{"count":1,"name":"Store","data":[8.5,6,0,0],"debug":[[{"filename":"/home/bahram/Desktop/newFromScratch/SimpleKernel.cl","line":65}]],"type":"resource"}],"data":[8.5,6,0,0],"type":"resource"},{"replace_name":"true","debug":[[{"filename":"/home/bahram/Desktop/newFromScratch/SimpleKernel.cl","line":68}]],"name":"/home/bahram/Desktop/newFromScratch/SimpleKernel.cl:68","children":[{"count":1,"name":"Store","data":[8.5,6,0,0],"debug":[[{"filename":"/home/bahram/Desktop/newFromScratch/SimpleKernel.cl","line":68}]],"type":"resource"}],"data":[8.5,6,0,0],"type":"resource"},{"replace_name":"true","debug":[[{"filename":"/home/bahram/Desktop/newFromScratch/SimpleKernel.cl","line":69}]],"name":"/home/bahram/Desktop/newFromScratch/SimpleKernel.cl:69","children":[{"count":1,"name":"Store","data":[8.5,6,0,0],"debug":[[{"filename":"/home/bahram/Desktop/newFromScratch/SimpleKernel.cl","line":69}]],"type":"resource"}],"data":[8.5,6,0,0],"type":"resource"},{"replace_name":"true","debug":[[{"filename":"/home/bahram/Desktop/newFromScratch/SimpleKernel.cl","line":72}]],"name":"/home/bahram/Desktop/newFromScratch/SimpleKernel.cl:72","children":[{"count":1,"name":"Integer Compare","data":[35,1,0,0],"debug":[[{"filename":"/home/bahram/Desktop/newFromScratch/SimpleKernel.cl","line":72}]],"type":"resource"}],"data":[35,1,0,0],"type":"resource"},{"replace_name":"true","debug":[[{"filename":"/home/bahram/Desktop/newFromScratch/SimpleKernel.cl","line":75}]],"name":"/home/bahram/Desktop/newFromScratch/SimpleKernel.cl:75","children":[{"count":1,"name":"Load","data":[470,2034,13,0],"debug":[[{"filename":"/home/bahram/Desktop/newFromScratch/SimpleKernel.cl","line":75}]],"type":"resource"},{"count":2,"name":"Select","data":[32,0,0,0],"debug":[[{"filename":"/home/bahram/Desktop/newFromScratch/SimpleKernel.cl","line":75}]],"type":"resource"},{"count":1,"name":"Store","data":[8.5,6,0,0],"debug":[[{"filename":"/home/bahram/Desktop/newFromScratch/SimpleKernel.cl","line":75}]],"type":"resource"}],"data":[510.5,2040,13,0],"type":"resource"},{"replace_name":"true","debug":[[{"filename":"/home/bahram/Desktop/newFromScratch/SimpleKernel.cl","line":81}]],"name":"/home/bahram/Desktop/newFromScratch/SimpleKernel.cl:81","children":[{"count":1,"name":"Store","data":[8.5,6,0,0],"debug":[[{"filename":"/home/bahram/Desktop/newFromScratch/SimpleKernel.cl","line":81}]],"type":"resource"}],"data":[8.5,6,0,0],"type":"resource"},{"replace_name":"true","debug":[[{"filename":"/home/bahram/Desktop/newFromScratch/SimpleKernel.cl","line":84}]],"name":"/home/bahram/Desktop/newFromScratch/SimpleKernel.cl:84","children":[{"count":1,"name":"Store","data":[8.5,6,0,0],"debug":[[{"filename":"/home/bahram/Desktop/newFromScratch/SimpleKernel.cl","line":84}]],"type":"resource"}],"data":[8.5,6,0,0],"type":"resource"},{"replace_name":"true","debug":[[{"filename":"/home/bahram/Desktop/newFromScratch/SimpleKernel.cl","line":85}]],"name":"/home/bahram/Desktop/newFromScratch/SimpleKernel.cl:85","children":[{"count":1,"name":"Store","data":[8.5,6,0,0],"debug":[[{"filename":"/home/bahram/Desktop/newFromScratch/SimpleKernel.cl","line":85}]],"type":"resource"}],"data":[8.5,6,0,0],"type":"resource"},{"replace_name":"true","debug":[[{"filename":"/home/bahram/Desktop/newFromScratch/SimpleKernel.cl","line":87}]],"name":"/home/bahram/Desktop/newFromScratch/SimpleKernel.cl:87","children":[{"count":1,"name":"Integer Compare","data":[35,1,0,0],"debug":[[{"filename":"/home/bahram/Desktop/newFromScratch/SimpleKernel.cl","line":87}]],"type":"resource"}],"data":[35,1,0,0],"type":"resource"},{"replace_name":"true","debug":[[{"filename":"/home/bahram/Desktop/newFromScratch/SimpleKernel.cl","line":90}]],"name":"/home/bahram/Desktop/newFromScratch/SimpleKernel.cl:90","children":[{"count":2,"name":"32-bit Integer Add","data":[66,0,0,0],"debug":[[{"filename":"/home/bahram/Desktop/newFromScratch/SimpleKernel.cl","line":90}]],"type":"resource"},{"count":2,"name":"Load","data":[780.333,2887,18.3333,0],"debug":[[{"filename":"/home/bahram/Desktop/newFromScratch/SimpleKernel.cl","line":90}]],"type":"resource"},{"count":2,"name":"Select","data":[48,32,0,0],"debug":[[{"filename":"/home/bahram/Desktop/newFromScratch/SimpleKernel.cl","line":90}]],"type":"resource"},{"count":2,"name":"Store","data":[15.3,10.8,0,0],"debug":[[{"filename":"/home/bahram/Desktop/newFromScratch/SimpleKernel.cl","line":90}]],"type":"resource"}],"data":[909.633,2929.8,18.3333,0],"type":"resource"},{"replace_name":"true","debug":[[{"filename":"/home/bahram/Desktop/newFromScratch/SimpleKernel.cl","line":96}]],"name":"/home/bahram/Desktop/newFromScratch/SimpleKernel.cl:96","children":[{"count":1,"name":"Store","data":[6.8,4.8,0,0],"debug":[[{"filename":"/home/bahram/Desktop/newFromScratch/SimpleKernel.cl","line":96}]],"type":"resource"}],"data":[6.8,4.8,0,0],"type":"resource"},{"replace_name":"true","debug":[[{"filename":"/home/bahram/Desktop/newFromScratch/SimpleKernel.cl","line":100}]],"name":"/home/bahram/Desktop/newFromScratch/SimpleKernel.cl:100","children":[{"count":1,"name":"And","data":[1,1,0,0],"debug":[[{"filename":"/home/bahram/Desktop/newFromScratch/SimpleKernel.cl","line":100}]],"type":"resource"},{"count":1,"name":"Integer Compare","data":[35,1,0,0],"debug":[[{"filename":"/home/bahram/Desktop/newFromScratch/SimpleKernel.cl","line":100}]],"type":"resource"}],"data":[36,2,0,0],"type":"resource"},{"replace_name":"true","debug":[[{"filename":"/home/bahram/Desktop/newFromScratch/SimpleKernel.cl","line":103}]],"name":"/home/bahram/Desktop/newFromScratch/SimpleKernel.cl:103","children":[{"count":1,"name":"32-bit Integer Add","data":[33,0,0,0],"debug":[[{"filename":"/home/bahram/Desktop/newFromScratch/SimpleKernel.cl","line":103}]],"type":"resource"},{"count":2,"name":"Load","data":[696.333,2067,14.3333,0],"debug":[[{"filename":"/home/bahram/Desktop/newFromScratch/SimpleKernel.cl","line":103}]],"type":"resource"},{"count":2,"name":"Select","data":[32,0,0,0],"debug":[[{"filename":"/home/bahram/Desktop/newFromScratch/SimpleKernel.cl","line":103}]],"type":"resource"},{"count":2,"name":"Store","data":[15.3,10.8,0,0],"debug":[[{"filename":"/home/bahram/Desktop/newFromScratch/SimpleKernel.cl","line":103}]],"type":"resource"}],"data":[776.633,2077.8,14.3333,0],"type":"resource"},{"replace_name":"true","debug":[[{"filename":"/home/bahram/Desktop/newFromScratch/SimpleKernel.cl","line":109}]],"name":"/home/bahram/Desktop/newFromScratch/SimpleKernel.cl:109","children":[{"count":2,"name":"Store","data":[15.3,10.8,0,0],"debug":[[{"filename":"/home/bahram/Desktop/newFromScratch/SimpleKernel.cl","line":109}]],"type":"resource"}],"data":[15.3,10.8,0,0],"type":"resource"},{"replace_name":"true","debug":[[{"filename":"/home/bahram/Desktop/newFromScratch/SimpleKernel.cl","line":123}]],"name":"/home/bahram/Desktop/newFromScratch/SimpleKernel.cl:123","children":[{"count":2,"name":"32-bit Integer Add","data":[23.1,0,0,0],"debug":[[{"filename":"/home/bahram/Desktop/newFromScratch/SimpleKernel.cl","line":123}]],"type":"resource"},{"count":1,"name":"Load","data":[24,36.5,0,0],"debug":[[{"filename":"/home/bahram/Desktop/newFromScratch/SimpleKernel.cl","line":123}]],"type":"resource"}],"data":[47.1,36.5,0,0],"type":"resource"},{"replace_name":"true","debug":[[{"filename":"/home/bahram/Desktop/newFromScratch/SimpleKernel.cl","line":124}]],"name":"/home/bahram/Desktop/newFromScratch/SimpleKernel.cl:124","children":[{"count":4,"name":"32-bit Integer Add","data":[47.85,0,0,0],"debug":[[{"filename":"/home/bahram/Desktop/newFromScratch/SimpleKernel.cl","line":124}]],"type":"resource"},{"count":1,"name":"Load","data":[24,36.5,0,0],"debug":[[{"filename":"/home/bahram/Desktop/newFromScratch/SimpleKernel.cl","line":124}]],"type":"resource"}],"data":[71.85,36.5,0,0],"type":"resource"},{"replace_name":"true","debug":[[{"filename":"/home/bahram/Desktop/newFromScratch/SimpleKernel.cl","line":125}]],"name":"/home/bahram/Desktop/newFromScratch/SimpleKernel.cl:125","children":[{"count":6,"name":"32-bit Integer Add","data":[86.35,0,0,0],"debug":[[{"filename":"/home/bahram/Desktop/newFromScratch/SimpleKernel.cl","line":125}]],"type":"resource"},{"count":1,"name":"Load","data":[48,73,0,0],"debug":[[{"filename":"/home/bahram/Desktop/newFromScratch/SimpleKernel.cl","line":125}]],"type":"resource"}],"data":[134.35,73,0,0],"type":"resource"},{"replace_name":"true","debug":[[{"filename":"/home/bahram/Desktop/newFromScratch/SimpleKernel.cl","line":127}]],"name":"/home/bahram/Desktop/newFromScratch/SimpleKernel.cl:127","children":[{"count":6,"name":"32-bit Integer Add","data":[69.85,0,0,0],"debug":[[{"filename":"/home/bahram/Desktop/newFromScratch/SimpleKernel.cl","line":127}]],"type":"resource"},{"count":2,"name":"Load","data":[64,82,0,0],"debug":[[{"filename":"/home/bahram/Desktop/newFromScratch/SimpleKernel.cl","line":127}]],"type":"resource"}],"data":[133.85,82,0,0],"type":"resource"},{"replace_name":"true","debug":[[{"filename":"/home/bahram/Desktop/newFromScratch/SimpleKernel.cl","line":128}]],"name":"/home/bahram/Desktop/newFromScratch/SimpleKernel.cl:128","children":[{"count":7,"name":"32-bit Integer Add","data":[102.85,0,0,0],"debug":[[{"filename":"/home/bahram/Desktop/newFromScratch/SimpleKernel.cl","line":128}]],"type":"resource"},{"count":2,"name":"Load","data":[64,82,0,0],"debug":[[{"filename":"/home/bahram/Desktop/newFromScratch/SimpleKernel.cl","line":128}]],"type":"resource"}],"data":[166.85,82,0,0],"type":"resource"},{"replace_name":"true","debug":[[{"filename":"/home/bahram/Desktop/newFromScratch/SimpleKernel.cl","line":130}]],"name":"/home/bahram/Desktop/newFromScratch/SimpleKernel.cl:130","children":[{"count":1,"name":"32-bit Integer Add","data":[33,0,0,0],"debug":[[{"filename":"/home/bahram/Desktop/newFromScratch/SimpleKernel.cl","line":130}]],"type":"resource"},{"count":2,"name":"Store","data":[688,3908,32,0],"debug":[[{"filename":"/home/bahram/Desktop/newFromScratch/SimpleKernel.cl","line":130}]],"type":"resource"}],"data":[721,3908,32,0],"type":"resource"}],"data":[8444.999,25904,167.99993,2],"details":[{"text":"Number of compute units: 1","type":"text"}],"compute_units":1}],"data":[11396.999,30826,197.99993,2],"total_percent":[24.2312,10.4014,14.0666,38.5214,1.78571],"total":[11397,30826,198,2],"debug_enabled":"true","columns":["","ALUTs","FFs","RAMs","DSPs","Details"],"type":"module"}