{
  "columns":
  ["", "ALUTs", "FFs", "RAMs", "DSPs", "Details"]
  , "debug_enabled":"true"
  , "type":"module"
  , "total_percent":
  [24.2312, 10.4014, 14.0666, 38.5214, 1.78571]
  , "total":
  [11397, 30826, 198, 2]
  , "name":"Kernel System"
  , "max_resources":
  [109572, 219144, 514, 112]
  , "children":
  [
    {
      "name":"Board interface"
      , "type":"resource"
      , "data":
      [2160, 1908, 20, 0]
      , "details":
      [
        {
          "type":"text"
          , "text":"Platform interface logic."
        }
      ]
    }
    , {
      "name":"Global interconnect"
      , "type":"resource"
      , "data":
      [792, 3014, 10, 0]
      , "details":
      [
        {
          "type":"text"
          , "text":"Global interconnect for 6 global loads and 2 global stores. Reduce number of global loads and stores to simplify global interconnect."
        }
        , {
          "type":"text"
          , "text":"See %L for more information"
          , "links":
          [
            {
              "guide":"Best Practices Guide : Global Memory Interconnect"
              , "link":"https://www.altera.com/documentation/mwh1391807516407.html#hnj1476724450050"
            }
          ]
        }
      ]
    }
    , {
      "name":"PushKernel"
      , "compute_units":1
      , "type":"function"
      , "total_percent":
      [19.4921, 7.70726, 11.8205, 32.6848, 1.78571]
      , "total_kernel_resources":
      [8445, 25904, 168, 2]
      , "details":
      [
        {
          "type":"text"
          , "text":"Number of compute units: 1"
        }
      ]
      , "children":
      [
        {
          "name":"Function overhead"
          , "type":"resource"
          , "data":
          [1622, 1598, 0, 0]
          , "details":
          [
            {
              "type":"text"
              , "text":"Kernel dispatch logic."
            }
          ]
        }
        , {
          "name":"SimpleKernel.cl:36 (heights_block)"
          , "type":"resource"
          , "data":
          [516, 6144, 56, 0]
          , "debug":
          [
            [
              {
                "filename":"/home/bahram/Desktop/newFromScratch/SimpleKernel.cl"
                , "line":36
              }
            ]
          ]
          , "details":
          [
            {
              "type":"table"
              , "Local memory":"Good but replicated"
              , "Requested size":"64 bytes"
              , "Implemented size":"384 bytes"
              , "Number of banks":"4 (banked on bits 4, 5)"
              , "Bank width":"128 bits"
              , "Bank depth":"1 word"
              , "Total replication":"6"
              , "Clock":"Running memory at 2x clock to support more concurrent ports"
              , "Additional information":
              [
                {
                  "type":"text"
                  , "text":"Requested size 64 bytes, implemented size 384 bytes, replicated 6 times total, stall-free, 6 reads and 4 writes. "
                }
                , {
                  "type":"text"
                  , "text":"Replicated 3 times to efficiently support multiple simultaneous workgroups. This replication resulted in no increase in actual block RAM usage."
                }
                , {
                  "type":"text"
                  , "text":"Replicated 2 times to efficiently support multiple accesses. To reduce this replication factor, reduce number of read and write accesses."
                }
                , {
                  "type":"text"
                  , "text":"Banked on bits 4, 5 into 4 separate banks."
                }
              ]
              , "Reference":
              [
                {
                  "type":"text"
                  , "text":"See %L for more information."
                  , "links":
                  [
                    {
                      "guide":"Best Practices Guide : Local Memory"
                      , "link":"https://www.altera.com/documentation/mwh1391807516407.html#chn1469549457114"
                    }
                  ]
                }
              ]
            }
          ]
        }
        , {
          "name":"PushKernel.B0"
          , "type":"basicblock"
          , "children":
          [
            {
              "name":"State"
              , "type":"resource"
              , "data":
              [757, 1416, 0, 0]
              , "details":
              [
                {
                  "type":"text"
                  , "text":"Resources for live values and control logic. To reduce this area:"
                  , "details":
                  [
                    {
                      "type":"text"
                      , "text":"reduce size of local variables"
                    }
                    , {
                      "type":"text"
                      , "text":"reduce scope of local variables, localizing them as much as possible"
                    }
                    , {
                      "type":"text"
                      , "text":"reduce number of nested loops"
                    }
                  ]
                }
              ]
              , "children":
              [
                {
                  "name":"No Source Line"
                  , "type":"resource"
                  , "data":
                  [757, 1416, 0, 0]
                }
              ]
            }
            , {
              "name":"Cluster logic"
              , "type":"resource"
              , "data":
              [105, 55, 0, 0]
              , "details":
              [
                {
                  "type":"text"
                  , "text":"Logic required to efficiently support sets of operations that do not stall. This area cannot be affected directly."
                }
              ]
            }
            , {
              "name":"Computation"
              , "type":"resource"
              , "children":
              [
                {
                  "name":"No Source Line"
                  , "type":"resource"
                  , "data":
                  [50, 33, 0, 0]
                  , "debug":
                  [
                    [
                      {
                        "filename":""
                        , "line":0
                      }
                    ]
                  ]
                  , "children":
                  [
                    {
                      "name":"32-bit Integer Add"
                      , "type":"resource"
                      , "count":1
                      , "data":
                      [33, 0, 0, 0]
                    }
                    , {
                      "name":"Work-group limiter exit"
                      , "type":"resource"
                      , "count":1
                      , "data":
                      [17, 33, 0, 0]
                    }
                  ]
                }
                , {
                  "name":"SimpleKernel.cl:23"
                  , "type":"resource"
                  , "data":
                  [98, 0, 0, 2]
                  , "debug":
                  [
                    [
                      {
                        "filename":"/home/bahram/Desktop/newFromScratch/SimpleKernel.cl"
                        , "line":23
                      }
                    ]
                  ]
                  , "children":
                  [
                    {
                      "name":"32-bit Integer Add"
                      , "type":"resource"
                      , "count":1
                      , "data":
                      [33, 0, 0, 0]
                    }
                    , {
                      "name":"32-bit Integer Multiply"
                      , "type":"resource"
                      , "count":1
                      , "data":
                      [65, 0, 0, 2]
                    }
                  ]
                  , "replace_name":"true"
                }
                , {
                  "name":"SimpleKernel.cl:25"
                  , "type":"resource"
                  , "data":
                  [33, 0, 0, 0]
                  , "debug":
                  [
                    [
                      {
                        "filename":"/home/bahram/Desktop/newFromScratch/SimpleKernel.cl"
                        , "line":25
                      }
                    ]
                  ]
                  , "children":
                  [
                    {
                      "name":"32-bit Integer Add"
                      , "type":"resource"
                      , "count":1
                      , "data":
                      [33, 0, 0, 0]
                    }
                  ]
                  , "replace_name":"true"
                }
                , {
                  "name":"SimpleKernel.cl:48"
                  , "type":"resource"
                  , "data":
                  [22, 1, 0, 0]
                  , "debug":
                  [
                    [
                      {
                        "filename":"/home/bahram/Desktop/newFromScratch/SimpleKernel.cl"
                        , "line":48
                      }
                    ]
                  ]
                  , "children":
                  [
                    {
                      "name":"Integer Compare"
                      , "type":"resource"
                      , "count":1
                      , "data":
                      [11, 0, 0, 0]
                    }
                    , {
                      "name":"Or"
                      , "type":"resource"
                      , "count":1
                      , "data":
                      [11, 1, 0, 0]
                    }
                  ]
                  , "replace_name":"true"
                }
                , {
                  "name":"SimpleKernel.cl:51"
                  , "type":"resource"
                  , "data":
                  [476.8, 2038.8, 13, 0]
                  , "debug":
                  [
                    [
                      {
                        "filename":"/home/bahram/Desktop/newFromScratch/SimpleKernel.cl"
                        , "line":51
                      }
                    ]
                  ]
                  , "children":
                  [
                    {
                      "name":"Load"
                      , "type":"resource"
                      , "count":1
                      , "data":
                      [470, 2034, 13, 0]
                      , "details":
                      [
                        {
                          "type":"text"
                          , "text":"Load uses a Burst-coalesced LSU"
                        }
                      ]
                    }
                    , {
                      "name":"Store"
                      , "type":"resource"
                      , "count":1
                      , "data":
                      [6.8, 4.8, 0, 0]
                      , "details":
                      [
                        {
                          "type":"text"
                          , "text":"Store uses a Local-pipelined never-stall LSU"
                        }
                        , {
                          "type":"text"
                          , "text":"Stall-free write to memory declared on SimpleKernel.cl:36."
                        }
                        , {
                          "type":"text"
                          , "text":"See %L for more information"
                          , "links":
                          [
                            {
                              "guide":"Best Practices Guide : Load-Store Units"
                              , "link":"https://www.altera.com/documentation/mwh1391807516407.html#yeo1491314105959"
                            }
                          ]
                        }
                      ]
                    }
                  ]
                  , "replace_name":"true"
                }
                , {
                  "name":"SimpleKernel.cl:52"
                  , "type":"resource"
                  , "data":
                  [318.833, 875, 5.33333, 0]
                  , "debug":
                  [
                    [
                      {
                        "filename":"/home/bahram/Desktop/newFromScratch/SimpleKernel.cl"
                        , "line":52
                      }
                    ]
                  ]
                  , "children":
                  [
                    {
                      "name":"Load"
                      , "type":"resource"
                      , "count":1
                      , "data":
                      [310.333, 869, 5.33333, 0]
                      , "details":
                      [
                        {
                          "type":"text"
                          , "text":"Load uses a Burst-coalesced non-aligned LSU.  Use Dynamic Profiler to determine performance impact of this LSU."
                        }
                      ]
                    }
                    , {
                      "name":"Store"
                      , "type":"resource"
                      , "count":1
                      , "data":
                      [8.5, 6, 0, 0]
                      , "details":
                      [
                        {
                          "type":"text"
                          , "text":"Store uses a Local-pipelined never-stall LSU"
                        }
                        , {
                          "type":"text"
                          , "text":"Stall-free write to memory declared on SimpleKernel.cl:36."
                        }
                        , {
                          "type":"text"
                          , "text":"See %L for more information"
                          , "links":
                          [
                            {
                              "guide":"Best Practices Guide : Load-Store Units"
                              , "link":"https://www.altera.com/documentation/mwh1391807516407.html#yeo1491314105959"
                            }
                          ]
                        }
                      ]
                    }
                  ]
                  , "replace_name":"true"
                }
                , {
                  "name":"SimpleKernel.cl:56"
                  , "type":"resource"
                  , "data":
                  [35, 1, 0, 0]
                  , "debug":
                  [
                    [
                      {
                        "filename":"/home/bahram/Desktop/newFromScratch/SimpleKernel.cl"
                        , "line":56
                      }
                    ]
                  ]
                  , "children":
                  [
                    {
                      "name":"Integer Compare"
                      , "type":"resource"
                      , "count":1
                      , "data":
                      [35, 1, 0, 0]
                    }
                  ]
                  , "replace_name":"true"
                }
                , {
                  "name":"SimpleKernel.cl:59"
                  , "type":"resource"
                  , "data":
                  [760.5, 2421, 16, 0]
                  , "debug":
                  [
                    [
                      {
                        "filename":"/home/bahram/Desktop/newFromScratch/SimpleKernel.cl"
                        , "line":59
                      }
                    ]
                  ]
                  , "children":
                  [
                    {
                      "name":"32-bit Integer Subtract"
                      , "type":"resource"
                      , "count":1
                      , "data":
                      [33, 0, 0, 0]
                    }
                    , {
                      "name":"Load"
                      , "type":"resource"
                      , "count":1
                      , "data":
                      [687, 2415, 16, 0]
                      , "details":
                      [
                        {
                          "type":"text"
                          , "text":"Load uses a Burst-coalesced non-aligned LSU.  Use Dynamic Profiler to determine performance impact of this LSU."
                        }
                      ]
                    }
                    , {
                      "name":"Select"
                      , "type":"resource"
                      , "count":2
                      , "data":
                      [32, 0, 0, 0]
                    }
                    , {
                      "name":"Store"
                      , "type":"resource"
                      , "count":1
                      , "data":
                      [8.5, 6, 0, 0]
                      , "details":
                      [
                        {
                          "type":"text"
                          , "text":"Store uses a Local-pipelined never-stall LSU"
                        }
                        , {
                          "type":"text"
                          , "text":"Stall-free write to memory declared on SimpleKernel.cl:36."
                        }
                        , {
                          "type":"text"
                          , "text":"See %L for more information"
                          , "links":
                          [
                            {
                              "guide":"Best Practices Guide : Load-Store Units"
                              , "link":"https://www.altera.com/documentation/mwh1391807516407.html#yeo1491314105959"
                            }
                          ]
                        }
                      ]
                    }
                  ]
                  , "replace_name":"true"
                }
                , {
                  "name":"SimpleKernel.cl:65"
                  , "type":"resource"
                  , "data":
                  [8.5, 6, 0, 0]
                  , "debug":
                  [
                    [
                      {
                        "filename":"/home/bahram/Desktop/newFromScratch/SimpleKernel.cl"
                        , "line":65
                      }
                    ]
                  ]
                  , "children":
                  [
                    {
                      "name":"Store"
                      , "type":"resource"
                      , "count":1
                      , "data":
                      [8.5, 6, 0, 0]
                      , "details":
                      [
                        {
                          "type":"text"
                          , "text":"Store uses a Local-pipelined never-stall LSU"
                        }
                        , {
                          "type":"text"
                          , "text":"Stall-free write to memory declared on SimpleKernel.cl:36."
                        }
                        , {
                          "type":"text"
                          , "text":"See %L for more information"
                          , "links":
                          [
                            {
                              "guide":"Best Practices Guide : Load-Store Units"
                              , "link":"https://www.altera.com/documentation/mwh1391807516407.html#yeo1491314105959"
                            }
                          ]
                        }
                      ]
                    }
                  ]
                  , "replace_name":"true"
                }
                , {
                  "name":"SimpleKernel.cl:68"
                  , "type":"resource"
                  , "data":
                  [8.5, 6, 0, 0]
                  , "debug":
                  [
                    [
                      {
                        "filename":"/home/bahram/Desktop/newFromScratch/SimpleKernel.cl"
                        , "line":68
                      }
                    ]
                  ]
                  , "children":
                  [
                    {
                      "name":"Store"
                      , "type":"resource"
                      , "count":1
                      , "data":
                      [8.5, 6, 0, 0]
                      , "details":
                      [
                        {
                          "type":"text"
                          , "text":"Store uses a Local-pipelined never-stall LSU"
                        }
                        , {
                          "type":"text"
                          , "text":"Stall-free write to memory declared on SimpleKernel.cl:36."
                        }
                        , {
                          "type":"text"
                          , "text":"See %L for more information"
                          , "links":
                          [
                            {
                              "guide":"Best Practices Guide : Load-Store Units"
                              , "link":"https://www.altera.com/documentation/mwh1391807516407.html#yeo1491314105959"
                            }
                          ]
                        }
                      ]
                    }
                  ]
                  , "replace_name":"true"
                }
                , {
                  "name":"SimpleKernel.cl:69"
                  , "type":"resource"
                  , "data":
                  [8.5, 6, 0, 0]
                  , "debug":
                  [
                    [
                      {
                        "filename":"/home/bahram/Desktop/newFromScratch/SimpleKernel.cl"
                        , "line":69
                      }
                    ]
                  ]
                  , "children":
                  [
                    {
                      "name":"Store"
                      , "type":"resource"
                      , "count":1
                      , "data":
                      [8.5, 6, 0, 0]
                      , "details":
                      [
                        {
                          "type":"text"
                          , "text":"Store uses a Local-pipelined never-stall LSU"
                        }
                        , {
                          "type":"text"
                          , "text":"Stall-free write to memory declared on SimpleKernel.cl:36."
                        }
                        , {
                          "type":"text"
                          , "text":"See %L for more information"
                          , "links":
                          [
                            {
                              "guide":"Best Practices Guide : Load-Store Units"
                              , "link":"https://www.altera.com/documentation/mwh1391807516407.html#yeo1491314105959"
                            }
                          ]
                        }
                      ]
                    }
                  ]
                  , "replace_name":"true"
                }
                , {
                  "name":"SimpleKernel.cl:72"
                  , "type":"resource"
                  , "data":
                  [35, 1, 0, 0]
                  , "debug":
                  [
                    [
                      {
                        "filename":"/home/bahram/Desktop/newFromScratch/SimpleKernel.cl"
                        , "line":72
                      }
                    ]
                  ]
                  , "children":
                  [
                    {
                      "name":"Integer Compare"
                      , "type":"resource"
                      , "count":1
                      , "data":
                      [35, 1, 0, 0]
                    }
                  ]
                  , "replace_name":"true"
                }
                , {
                  "name":"SimpleKernel.cl:75"
                  , "type":"resource"
                  , "data":
                  [510.5, 2040, 13, 0]
                  , "debug":
                  [
                    [
                      {
                        "filename":"/home/bahram/Desktop/newFromScratch/SimpleKernel.cl"
                        , "line":75
                      }
                    ]
                  ]
                  , "children":
                  [
                    {
                      "name":"Load"
                      , "type":"resource"
                      , "count":1
                      , "data":
                      [470, 2034, 13, 0]
                      , "details":
                      [
                        {
                          "type":"text"
                          , "text":"Load uses a Burst-coalesced LSU"
                        }
                      ]
                    }
                    , {
                      "name":"Select"
                      , "type":"resource"
                      , "count":2
                      , "data":
                      [32, 0, 0, 0]
                    }
                    , {
                      "name":"Store"
                      , "type":"resource"
                      , "count":1
                      , "data":
                      [8.5, 6, 0, 0]
                      , "details":
                      [
                        {
                          "type":"text"
                          , "text":"Store uses a Local-pipelined never-stall LSU"
                        }
                        , {
                          "type":"text"
                          , "text":"Stall-free write to memory declared on SimpleKernel.cl:36."
                        }
                        , {
                          "type":"text"
                          , "text":"See %L for more information"
                          , "links":
                          [
                            {
                              "guide":"Best Practices Guide : Load-Store Units"
                              , "link":"https://www.altera.com/documentation/mwh1391807516407.html#yeo1491314105959"
                            }
                          ]
                        }
                      ]
                    }
                  ]
                  , "replace_name":"true"
                }
                , {
                  "name":"SimpleKernel.cl:81"
                  , "type":"resource"
                  , "data":
                  [8.5, 6, 0, 0]
                  , "debug":
                  [
                    [
                      {
                        "filename":"/home/bahram/Desktop/newFromScratch/SimpleKernel.cl"
                        , "line":81
                      }
                    ]
                  ]
                  , "children":
                  [
                    {
                      "name":"Store"
                      , "type":"resource"
                      , "count":1
                      , "data":
                      [8.5, 6, 0, 0]
                      , "details":
                      [
                        {
                          "type":"text"
                          , "text":"Store uses a Local-pipelined never-stall LSU"
                        }
                        , {
                          "type":"text"
                          , "text":"Stall-free write to memory declared on SimpleKernel.cl:36."
                        }
                        , {
                          "type":"text"
                          , "text":"See %L for more information"
                          , "links":
                          [
                            {
                              "guide":"Best Practices Guide : Load-Store Units"
                              , "link":"https://www.altera.com/documentation/mwh1391807516407.html#yeo1491314105959"
                            }
                          ]
                        }
                      ]
                    }
                  ]
                  , "replace_name":"true"
                }
                , {
                  "name":"SimpleKernel.cl:84"
                  , "type":"resource"
                  , "data":
                  [8.5, 6, 0, 0]
                  , "debug":
                  [
                    [
                      {
                        "filename":"/home/bahram/Desktop/newFromScratch/SimpleKernel.cl"
                        , "line":84
                      }
                    ]
                  ]
                  , "children":
                  [
                    {
                      "name":"Store"
                      , "type":"resource"
                      , "count":1
                      , "data":
                      [8.5, 6, 0, 0]
                      , "details":
                      [
                        {
                          "type":"text"
                          , "text":"Store uses a Local-pipelined never-stall LSU"
                        }
                        , {
                          "type":"text"
                          , "text":"Stall-free write to memory declared on SimpleKernel.cl:36."
                        }
                        , {
                          "type":"text"
                          , "text":"See %L for more information"
                          , "links":
                          [
                            {
                              "guide":"Best Practices Guide : Load-Store Units"
                              , "link":"https://www.altera.com/documentation/mwh1391807516407.html#yeo1491314105959"
                            }
                          ]
                        }
                      ]
                    }
                  ]
                  , "replace_name":"true"
                }
                , {
                  "name":"SimpleKernel.cl:85"
                  , "type":"resource"
                  , "data":
                  [8.5, 6, 0, 0]
                  , "debug":
                  [
                    [
                      {
                        "filename":"/home/bahram/Desktop/newFromScratch/SimpleKernel.cl"
                        , "line":85
                      }
                    ]
                  ]
                  , "children":
                  [
                    {
                      "name":"Store"
                      , "type":"resource"
                      , "count":1
                      , "data":
                      [8.5, 6, 0, 0]
                      , "details":
                      [
                        {
                          "type":"text"
                          , "text":"Store uses a Local-pipelined never-stall LSU"
                        }
                        , {
                          "type":"text"
                          , "text":"Stall-free write to memory declared on SimpleKernel.cl:36."
                        }
                        , {
                          "type":"text"
                          , "text":"See %L for more information"
                          , "links":
                          [
                            {
                              "guide":"Best Practices Guide : Load-Store Units"
                              , "link":"https://www.altera.com/documentation/mwh1391807516407.html#yeo1491314105959"
                            }
                          ]
                        }
                      ]
                    }
                  ]
                  , "replace_name":"true"
                }
                , {
                  "name":"SimpleKernel.cl:87"
                  , "type":"resource"
                  , "data":
                  [35, 1, 0, 0]
                  , "debug":
                  [
                    [
                      {
                        "filename":"/home/bahram/Desktop/newFromScratch/SimpleKernel.cl"
                        , "line":87
                      }
                    ]
                  ]
                  , "children":
                  [
                    {
                      "name":"Integer Compare"
                      , "type":"resource"
                      , "count":1
                      , "data":
                      [35, 1, 0, 0]
                    }
                  ]
                  , "replace_name":"true"
                }
                , {
                  "name":"SimpleKernel.cl:90"
                  , "type":"resource"
                  , "data":
                  [909.633, 2929.8, 18.3333, 0]
                  , "debug":
                  [
                    [
                      {
                        "filename":"/home/bahram/Desktop/newFromScratch/SimpleKernel.cl"
                        , "line":90
                      }
                    ]
                  ]
                  , "children":
                  [
                    {
                      "name":"32-bit Integer Add"
                      , "type":"resource"
                      , "count":2
                      , "data":
                      [66, 0, 0, 0]
                    }
                    , {
                      "name":"Load"
                      , "type":"resource"
                      , "count":2
                      , "data":
                      [780.333, 2887, 18.3333, 0]
                      , "details":
                      [
                        {
                          "type":"text"
                          , "text":"Load uses a Burst-coalesced LSU"
                        }
                        , {
                          "type":"text"
                          , "text":"Load uses a Burst-coalesced non-aligned LSU.  Use Dynamic Profiler to determine performance impact of this LSU."
                        }
                      ]
                    }
                    , {
                      "name":"Select"
                      , "type":"resource"
                      , "count":2
                      , "data":
                      [48, 32, 0, 0]
                    }
                    , {
                      "name":"Store"
                      , "type":"resource"
                      , "count":2
                      , "data":
                      [15.3, 10.8, 0, 0]
                      , "details":
                      [
                        {
                          "type":"text"
                          , "text":"Store uses a Local-pipelined never-stall LSU"
                        }
                        , {
                          "type":"text"
                          , "text":"Stall-free write to memory declared on SimpleKernel.cl:36."
                        }
                        , {
                          "type":"text"
                          , "text":"See %L for more information"
                          , "links":
                          [
                            {
                              "guide":"Best Practices Guide : Load-Store Units"
                              , "link":"https://www.altera.com/documentation/mwh1391807516407.html#yeo1491314105959"
                            }
                          ]
                        }
                      ]
                    }
                  ]
                  , "replace_name":"true"
                }
                , {
                  "name":"SimpleKernel.cl:96"
                  , "type":"resource"
                  , "data":
                  [6.8, 4.8, 0, 0]
                  , "debug":
                  [
                    [
                      {
                        "filename":"/home/bahram/Desktop/newFromScratch/SimpleKernel.cl"
                        , "line":96
                      }
                    ]
                  ]
                  , "children":
                  [
                    {
                      "name":"Store"
                      , "type":"resource"
                      , "count":1
                      , "data":
                      [6.8, 4.8, 0, 0]
                      , "details":
                      [
                        {
                          "type":"text"
                          , "text":"Store uses a Local-pipelined never-stall LSU"
                        }
                        , {
                          "type":"text"
                          , "text":"Stall-free write to memory declared on SimpleKernel.cl:36."
                        }
                        , {
                          "type":"text"
                          , "text":"See %L for more information"
                          , "links":
                          [
                            {
                              "guide":"Best Practices Guide : Load-Store Units"
                              , "link":"https://www.altera.com/documentation/mwh1391807516407.html#yeo1491314105959"
                            }
                          ]
                        }
                      ]
                    }
                  ]
                  , "replace_name":"true"
                }
                , {
                  "name":"SimpleKernel.cl:100"
                  , "type":"resource"
                  , "data":
                  [36, 2, 0, 0]
                  , "debug":
                  [
                    [
                      {
                        "filename":"/home/bahram/Desktop/newFromScratch/SimpleKernel.cl"
                        , "line":100
                      }
                    ]
                  ]
                  , "children":
                  [
                    {
                      "name":"And"
                      , "type":"resource"
                      , "count":1
                      , "data":
                      [1, 1, 0, 0]
                    }
                    , {
                      "name":"Integer Compare"
                      , "type":"resource"
                      , "count":1
                      , "data":
                      [35, 1, 0, 0]
                    }
                  ]
                  , "replace_name":"true"
                }
                , {
                  "name":"SimpleKernel.cl:103"
                  , "type":"resource"
                  , "data":
                  [776.633, 2077.8, 14.3333, 0]
                  , "debug":
                  [
                    [
                      {
                        "filename":"/home/bahram/Desktop/newFromScratch/SimpleKernel.cl"
                        , "line":103
                      }
                    ]
                  ]
                  , "children":
                  [
                    {
                      "name":"32-bit Integer Add"
                      , "type":"resource"
                      , "count":1
                      , "data":
                      [33, 0, 0, 0]
                    }
                    , {
                      "name":"Load"
                      , "type":"resource"
                      , "count":2
                      , "data":
                      [696.333, 2067, 14.3333, 0]
                      , "details":
                      [
                        {
                          "type":"text"
                          , "text":"Load uses a Burst-coalesced LSU"
                        }
                        , {
                          "type":"text"
                          , "text":"Load uses a Burst-coalesced non-aligned LSU.  Use Dynamic Profiler to determine performance impact of this LSU."
                        }
                      ]
                    }
                    , {
                      "name":"Select"
                      , "type":"resource"
                      , "count":2
                      , "data":
                      [32, 0, 0, 0]
                    }
                    , {
                      "name":"Store"
                      , "type":"resource"
                      , "count":2
                      , "data":
                      [15.3, 10.8, 0, 0]
                      , "details":
                      [
                        {
                          "type":"text"
                          , "text":"Store uses a Local-pipelined never-stall LSU"
                        }
                        , {
                          "type":"text"
                          , "text":"Stall-free write to memory declared on SimpleKernel.cl:36."
                        }
                        , {
                          "type":"text"
                          , "text":"See %L for more information"
                          , "links":
                          [
                            {
                              "guide":"Best Practices Guide : Load-Store Units"
                              , "link":"https://www.altera.com/documentation/mwh1391807516407.html#yeo1491314105959"
                            }
                          ]
                        }
                      ]
                    }
                  ]
                  , "replace_name":"true"
                }
                , {
                  "name":"SimpleKernel.cl:109"
                  , "type":"resource"
                  , "data":
                  [15.3, 10.8, 0, 0]
                  , "debug":
                  [
                    [
                      {
                        "filename":"/home/bahram/Desktop/newFromScratch/SimpleKernel.cl"
                        , "line":109
                      }
                    ]
                  ]
                  , "children":
                  [
                    {
                      "name":"Store"
                      , "type":"resource"
                      , "count":2
                      , "data":
                      [15.3, 10.8, 0, 0]
                      , "details":
                      [
                        {
                          "type":"text"
                          , "text":"Store uses a Local-pipelined never-stall LSU"
                        }
                        , {
                          "type":"text"
                          , "text":"Stall-free write to memory declared on SimpleKernel.cl:36."
                        }
                        , {
                          "type":"text"
                          , "text":"See %L for more information"
                          , "links":
                          [
                            {
                              "guide":"Best Practices Guide : Load-Store Units"
                              , "link":"https://www.altera.com/documentation/mwh1391807516407.html#yeo1491314105959"
                            }
                          ]
                        }
                      ]
                    }
                  ]
                  , "replace_name":"true"
                }
                , {
                  "name":"SimpleKernel.cl:123"
                  , "type":"resource"
                  , "data":
                  [47.1, 36.5, 0, 0]
                  , "debug":
                  [
                    [
                      {
                        "filename":"/home/bahram/Desktop/newFromScratch/SimpleKernel.cl"
                        , "line":123
                      }
                    ]
                  ]
                  , "children":
                  [
                    {
                      "name":"32-bit Integer Add"
                      , "type":"resource"
                      , "count":2
                      , "data":
                      [23.1, 0, 0, 0]
                    }
                    , {
                      "name":"Load"
                      , "type":"resource"
                      , "count":1
                      , "data":
                      [24, 36.5, 0, 0]
                      , "details":
                      [
                        {
                          "type":"text"
                          , "text":"Load uses a Local-pipelined never-stall LSU"
                        }
                        , {
                          "type":"text"
                          , "text":"Stall-free read from memory declared on SimpleKernel.cl:36."
                        }
                        , {
                          "type":"text"
                          , "text":"See %L for more information"
                          , "links":
                          [
                            {
                              "guide":"Best Practices Guide : Load-Store Units"
                              , "link":"https://www.altera.com/documentation/mwh1391807516407.html#yeo1491314105959"
                            }
                          ]
                        }
                      ]
                    }
                  ]
                  , "replace_name":"true"
                }
                , {
                  "name":"SimpleKernel.cl:124"
                  , "type":"resource"
                  , "data":
                  [71.85, 36.5, 0, 0]
                  , "debug":
                  [
                    [
                      {
                        "filename":"/home/bahram/Desktop/newFromScratch/SimpleKernel.cl"
                        , "line":124
                      }
                    ]
                  ]
                  , "children":
                  [
                    {
                      "name":"32-bit Integer Add"
                      , "type":"resource"
                      , "count":4
                      , "data":
                      [47.85, 0, 0, 0]
                    }
                    , {
                      "name":"Load"
                      , "type":"resource"
                      , "count":1
                      , "data":
                      [24, 36.5, 0, 0]
                      , "details":
                      [
                        {
                          "type":"text"
                          , "text":"Load uses a Local-pipelined never-stall LSU"
                        }
                        , {
                          "type":"text"
                          , "text":"Stall-free read from memory declared on SimpleKernel.cl:36."
                        }
                        , {
                          "type":"text"
                          , "text":"See %L for more information"
                          , "links":
                          [
                            {
                              "guide":"Best Practices Guide : Load-Store Units"
                              , "link":"https://www.altera.com/documentation/mwh1391807516407.html#yeo1491314105959"
                            }
                          ]
                        }
                      ]
                    }
                  ]
                  , "replace_name":"true"
                }
                , {
                  "name":"SimpleKernel.cl:125"
                  , "type":"resource"
                  , "data":
                  [134.35, 73, 0, 0]
                  , "debug":
                  [
                    [
                      {
                        "filename":"/home/bahram/Desktop/newFromScratch/SimpleKernel.cl"
                        , "line":125
                      }
                    ]
                  ]
                  , "children":
                  [
                    {
                      "name":"32-bit Integer Add"
                      , "type":"resource"
                      , "count":6
                      , "data":
                      [86.35, 0, 0, 0]
                    }
                    , {
                      "name":"Load"
                      , "type":"resource"
                      , "count":1
                      , "data":
                      [48, 73, 0, 0]
                      , "details":
                      [
                        {
                          "type":"text"
                          , "text":"Load uses a Local-pipelined never-stall LSU"
                        }
                        , {
                          "type":"text"
                          , "text":"Stall-free read from memory declared on SimpleKernel.cl:36."
                        }
                        , {
                          "type":"text"
                          , "text":"See %L for more information"
                          , "links":
                          [
                            {
                              "guide":"Best Practices Guide : Load-Store Units"
                              , "link":"https://www.altera.com/documentation/mwh1391807516407.html#yeo1491314105959"
                            }
                          ]
                        }
                      ]
                    }
                  ]
                  , "replace_name":"true"
                }
                , {
                  "name":"SimpleKernel.cl:127"
                  , "type":"resource"
                  , "data":
                  [133.85, 82, 0, 0]
                  , "debug":
                  [
                    [
                      {
                        "filename":"/home/bahram/Desktop/newFromScratch/SimpleKernel.cl"
                        , "line":127
                      }
                    ]
                  ]
                  , "children":
                  [
                    {
                      "name":"32-bit Integer Add"
                      , "type":"resource"
                      , "count":6
                      , "data":
                      [69.85, 0, 0, 0]
                    }
                    , {
                      "name":"Load"
                      , "type":"resource"
                      , "count":2
                      , "data":
                      [64, 82, 0, 0]
                      , "details":
                      [
                        {
                          "type":"text"
                          , "text":"Load uses a Local-pipelined never-stall LSU"
                        }
                        , {
                          "type":"text"
                          , "text":"Stall-free read from memory declared on SimpleKernel.cl:36."
                        }
                        , {
                          "type":"text"
                          , "text":"See %L for more information"
                          , "links":
                          [
                            {
                              "guide":"Best Practices Guide : Load-Store Units"
                              , "link":"https://www.altera.com/documentation/mwh1391807516407.html#yeo1491314105959"
                            }
                          ]
                        }
                      ]
                    }
                  ]
                  , "replace_name":"true"
                }
                , {
                  "name":"SimpleKernel.cl:128"
                  , "type":"resource"
                  , "data":
                  [166.85, 82, 0, 0]
                  , "debug":
                  [
                    [
                      {
                        "filename":"/home/bahram/Desktop/newFromScratch/SimpleKernel.cl"
                        , "line":128
                      }
                    ]
                  ]
                  , "children":
                  [
                    {
                      "name":"32-bit Integer Add"
                      , "type":"resource"
                      , "count":7
                      , "data":
                      [102.85, 0, 0, 0]
                    }
                    , {
                      "name":"Load"
                      , "type":"resource"
                      , "count":2
                      , "data":
                      [64, 82, 0, 0]
                      , "details":
                      [
                        {
                          "type":"text"
                          , "text":"Load uses a Local-pipelined never-stall LSU"
                        }
                        , {
                          "type":"text"
                          , "text":"Stall-free read from memory declared on SimpleKernel.cl:36."
                        }
                        , {
                          "type":"text"
                          , "text":"See %L for more information"
                          , "links":
                          [
                            {
                              "guide":"Best Practices Guide : Load-Store Units"
                              , "link":"https://www.altera.com/documentation/mwh1391807516407.html#yeo1491314105959"
                            }
                          ]
                        }
                      ]
                    }
                  ]
                  , "replace_name":"true"
                }
                , {
                  "name":"SimpleKernel.cl:130"
                  , "type":"resource"
                  , "data":
                  [721, 3908, 32, 0]
                  , "debug":
                  [
                    [
                      {
                        "filename":"/home/bahram/Desktop/newFromScratch/SimpleKernel.cl"
                        , "line":130
                      }
                    ]
                  ]
                  , "children":
                  [
                    {
                      "name":"32-bit Integer Add"
                      , "type":"resource"
                      , "count":1
                      , "data":
                      [33, 0, 0, 0]
                    }
                    , {
                      "name":"Store"
                      , "type":"resource"
                      , "count":2
                      , "data":
                      [688, 3908, 32, 0]
                      , "details":
                      [
                        {
                          "type":"text"
                          , "text":"Store uses a Burst-coalesced LSU"
                        }
                      ]
                    }
                  ]
                  , "replace_name":"true"
                }
              ]
            }
          ]
        }
      ]
    }
  ]
}
