{
  "nodes":
  [
    {
      "type":"kernel"
      , "id":2
      , "name":"PushKernel"
      , "children":
      [
        {
          "type":"inst"
          , "id":10
          , "name":"Store"
          , "debug":
          [
            [
              {
                "filename":"/home/bahram/Desktop/newFromScratch/SimpleKernel.cl"
                , "line":51
              }
            ]
          ]
          , "details":
          [
            {
              "type":"table"
              , "Width":"128 bits"
              , "Type":"Pipelined"
              , "Stall-free":"Yes"
              , "Stores to":"heights_block"
              , "Start Cycle":"155"
              , "Latency":"1"
              , "Reference":
              [
                {
                  "type":"text"
                  , "text":"See %L for more information"
                  , "links":
                  [
                    {
                      "guide":"Best Practices Guide : Load-Store Units"
                      , "link":"https://www.altera.com/documentation/mwh1391807516407.html#yeo1491314105959"
                    }
                  ]
                }
              ]
            }
          ]
        }
        , {
          "type":"inst"
          , "id":11
          , "name":"Store"
          , "debug":
          [
            [
              {
                "filename":"/home/bahram/Desktop/newFromScratch/SimpleKernel.cl"
                , "line":52
              }
            ]
          ]
          , "details":
          [
            {
              "type":"table"
              , "Width":"128 bits"
              , "Type":"Pipelined"
              , "Stall-free":"Yes"
              , "Stores to":"heights_block"
              , "Start Cycle":"155"
              , "Latency":"1"
              , "Reference":
              [
                {
                  "type":"text"
                  , "text":"See %L for more information"
                  , "links":
                  [
                    {
                      "guide":"Best Practices Guide : Load-Store Units"
                      , "link":"https://www.altera.com/documentation/mwh1391807516407.html#yeo1491314105959"
                    }
                  ]
                }
              ]
            }
          ]
        }
        , {
          "type":"inst"
          , "id":12
          , "name":"Store"
          , "debug":
          [
            [
              {
                "filename":"/home/bahram/Desktop/newFromScratch/SimpleKernel.cl"
                , "line":59
              }
            ]
          ]
          , "details":
          [
            {
              "type":"table"
              , "Width":"128 bits"
              , "Type":"Pipelined"
              , "Stall-free":"Yes"
              , "Stores to":"heights_block"
              , "Start Cycle":"155"
              , "Latency":"1"
              , "Reference":
              [
                {
                  "type":"text"
                  , "text":"See %L for more information"
                  , "links":
                  [
                    {
                      "guide":"Best Practices Guide : Load-Store Units"
                      , "link":"https://www.altera.com/documentation/mwh1391807516407.html#yeo1491314105959"
                    }
                  ]
                }
              ]
            }
          ]
        }
        , {
          "type":"inst"
          , "id":13
          , "name":"Store"
          , "debug":
          [
            [
              {
                "filename":"/home/bahram/Desktop/newFromScratch/SimpleKernel.cl"
                , "line":75
              }
            ]
          ]
          , "details":
          [
            {
              "type":"table"
              , "Width":"128 bits"
              , "Type":"Pipelined"
              , "Stall-free":"Yes"
              , "Stores to":"heights_block"
              , "Start Cycle":"155"
              , "Latency":"1"
              , "Reference":
              [
                {
                  "type":"text"
                  , "text":"See %L for more information"
                  , "links":
                  [
                    {
                      "guide":"Best Practices Guide : Load-Store Units"
                      , "link":"https://www.altera.com/documentation/mwh1391807516407.html#yeo1491314105959"
                    }
                  ]
                }
              ]
            }
          ]
        }
        , {
          "type":"inst"
          , "id":14
          , "name":"Load"
          , "debug":
          [
            [
              {
                "filename":"/home/bahram/Desktop/newFromScratch/SimpleKernel.cl"
                , "line":123
              }
            ]
          ]
          , "details":
          [
            {
              "type":"table"
              , "Width":"64 bits"
              , "Type":"Pipelined"
              , "Stall-free":"Yes"
              , "Loads from":"heights_block"
              , "Start Cycle":"416"
              , "Latency":"4"
              , "Reference":
              [
                {
                  "type":"text"
                  , "text":"See %L for more information"
                  , "links":
                  [
                    {
                      "guide":"Best Practices Guide : Load-Store Units"
                      , "link":"https://www.altera.com/documentation/mwh1391807516407.html#yeo1491314105959"
                    }
                  ]
                }
              ]
            }
          ]
        }
        , {
          "type":"inst"
          , "id":15
          , "name":"Load"
          , "debug":
          [
            [
              {
                "filename":"/home/bahram/Desktop/newFromScratch/SimpleKernel.cl"
                , "line":125
              }
            ]
          ]
          , "details":
          [
            {
              "type":"table"
              , "Width":"64 bits"
              , "Type":"Pipelined"
              , "Stall-free":"Yes"
              , "Loads from":"heights_block"
              , "Start Cycle":"416"
              , "Latency":"4"
              , "Reference":
              [
                {
                  "type":"text"
                  , "text":"See %L for more information"
                  , "links":
                  [
                    {
                      "guide":"Best Practices Guide : Load-Store Units"
                      , "link":"https://www.altera.com/documentation/mwh1391807516407.html#yeo1491314105959"
                    }
                  ]
                }
              ]
            }
          ]
        }
        , {
          "type":"inst"
          , "id":16
          , "name":"Load"
          , "debug":
          [
            [
              {
                "filename":"/home/bahram/Desktop/newFromScratch/SimpleKernel.cl"
                , "line":127
              }
            ]
          ]
          , "details":
          [
            {
              "type":"table"
              , "Width":"32 bits"
              , "Type":"Pipelined"
              , "Stall-free":"Yes"
              , "Loads from":"heights_block"
              , "Start Cycle":"416"
              , "Latency":"4"
              , "Reference":
              [
                {
                  "type":"text"
                  , "text":"See %L for more information"
                  , "links":
                  [
                    {
                      "guide":"Best Practices Guide : Load-Store Units"
                      , "link":"https://www.altera.com/documentation/mwh1391807516407.html#yeo1491314105959"
                    }
                  ]
                }
              ]
            }
          ]
        }
        , {
          "type":"inst"
          , "id":17
          , "name":"Load"
          , "debug":
          [
            [
              {
                "filename":"/home/bahram/Desktop/newFromScratch/SimpleKernel.cl"
                , "line":128
              }
            ]
          ]
          , "details":
          [
            {
              "type":"table"
              , "Width":"32 bits"
              , "Type":"Pipelined"
              , "Stall-free":"Yes"
              , "Loads from":"heights_block"
              , "Start Cycle":"416"
              , "Latency":"4"
              , "Reference":
              [
                {
                  "type":"text"
                  , "text":"See %L for more information"
                  , "links":
                  [
                    {
                      "guide":"Best Practices Guide : Load-Store Units"
                      , "link":"https://www.altera.com/documentation/mwh1391807516407.html#yeo1491314105959"
                    }
                  ]
                }
              ]
            }
          ]
        }
        , {
          "type":"inst"
          , "id":18
          , "name":"Load"
          , "debug":
          [
            [
              {
                "filename":"/home/bahram/Desktop/newFromScratch/SimpleKernel.cl"
                , "line":127
              }
            ]
          ]
          , "details":
          [
            {
              "type":"table"
              , "Width":"32 bits"
              , "Type":"Pipelined"
              , "Stall-free":"Yes"
              , "Loads from":"heights_block"
              , "Start Cycle":"416"
              , "Latency":"4"
              , "Reference":
              [
                {
                  "type":"text"
                  , "text":"See %L for more information"
                  , "links":
                  [
                    {
                      "guide":"Best Practices Guide : Load-Store Units"
                      , "link":"https://www.altera.com/documentation/mwh1391807516407.html#yeo1491314105959"
                    }
                  ]
                }
              ]
            }
          ]
        }
        , {
          "type":"inst"
          , "id":19
          , "name":"Load"
          , "debug":
          [
            [
              {
                "filename":"/home/bahram/Desktop/newFromScratch/SimpleKernel.cl"
                , "line":128
              }
            ]
          ]
          , "details":
          [
            {
              "type":"table"
              , "Width":"32 bits"
              , "Type":"Pipelined"
              , "Stall-free":"Yes"
              , "Loads from":"heights_block"
              , "Start Cycle":"416"
              , "Latency":"4"
              , "Reference":
              [
                {
                  "type":"text"
                  , "text":"See %L for more information"
                  , "links":
                  [
                    {
                      "guide":"Best Practices Guide : Load-Store Units"
                      , "link":"https://www.altera.com/documentation/mwh1391807516407.html#yeo1491314105959"
                    }
                  ]
                }
              ]
            }
          ]
        }
        , {
          "type":"memtype"
          , "id":24
          , "name":"Local Memory"
          , "children":
          [
            {
              "type":"memsys"
              , "id":25
              , "name":"heights_block"
              , "debug":
              [
                [
                  {
                    "filename":"/home/bahram/Desktop/newFromScratch/SimpleKernel.cl"
                    , "line":36
                  }
                ]
              ]
              , "children":
              [
                {
                  "type":"bank"
                  , "id":26
                  , "name":"Bank 0"
                  , "debug":
                  [
                    [
                      {
                        "filename":"/home/bahram/Desktop/newFromScratch/SimpleKernel.cl"
                        , "line":36
                      }
                    ]
                  ]
                  , "children":
                  [
                    {
                      "type":"port"
                      , "id":30
                      , "name":"R"
                    }
                    , {
                      "type":"port"
                      , "id":34
                      , "name":"R"
                    }
                    , {
                      "type":"port"
                      , "id":38
                      , "name":"R"
                    }
                    , {
                      "type":"port"
                      , "id":42
                      , "name":"R"
                    }
                    , {
                      "type":"port"
                      , "id":46
                      , "name":"R"
                    }
                    , {
                      "type":"port"
                      , "id":50
                      , "name":"R"
                    }
                    , {
                      "type":"port"
                      , "id":56
                      , "name":"W"
                    }
                  ]
                  , "details":
                  [
                    {
                      "type":"table"
                      , "Total number of ports per bank":"7"
                      , "Number of read ports per bank":"6"
                      , "Number of write ports per bank":"1"
                      , "Total replication":"6"
                    }
                  ]
                }
                , {
                  "type":"bank"
                  , "id":27
                  , "name":"Bank 1"
                  , "debug":
                  [
                    [
                      {
                        "filename":"/home/bahram/Desktop/newFromScratch/SimpleKernel.cl"
                        , "line":36
                      }
                    ]
                  ]
                  , "children":
                  [
                    {
                      "type":"port"
                      , "id":31
                      , "name":"R"
                    }
                    , {
                      "type":"port"
                      , "id":35
                      , "name":"R"
                    }
                    , {
                      "type":"port"
                      , "id":39
                      , "name":"R"
                    }
                    , {
                      "type":"port"
                      , "id":43
                      , "name":"R"
                    }
                    , {
                      "type":"port"
                      , "id":47
                      , "name":"R"
                    }
                    , {
                      "type":"port"
                      , "id":51
                      , "name":"R"
                    }
                    , {
                      "type":"port"
                      , "id":54
                      , "name":"W"
                    }
                  ]
                  , "details":
                  [
                    {
                      "type":"table"
                      , "Total number of ports per bank":"7"
                      , "Number of read ports per bank":"6"
                      , "Number of write ports per bank":"1"
                      , "Total replication":"6"
                    }
                  ]
                }
                , {
                  "type":"bank"
                  , "id":28
                  , "name":"Bank 2"
                  , "debug":
                  [
                    [
                      {
                        "filename":"/home/bahram/Desktop/newFromScratch/SimpleKernel.cl"
                        , "line":36
                      }
                    ]
                  ]
                  , "children":
                  [
                    {
                      "type":"port"
                      , "id":32
                      , "name":"R"
                    }
                    , {
                      "type":"port"
                      , "id":36
                      , "name":"R"
                    }
                    , {
                      "type":"port"
                      , "id":40
                      , "name":"R"
                    }
                    , {
                      "type":"port"
                      , "id":44
                      , "name":"R"
                    }
                    , {
                      "type":"port"
                      , "id":48
                      , "name":"R"
                    }
                    , {
                      "type":"port"
                      , "id":52
                      , "name":"R"
                    }
                    , {
                      "type":"port"
                      , "id":55
                      , "name":"W"
                    }
                  ]
                  , "details":
                  [
                    {
                      "type":"table"
                      , "Total number of ports per bank":"7"
                      , "Number of read ports per bank":"6"
                      , "Number of write ports per bank":"1"
                      , "Total replication":"6"
                    }
                  ]
                }
                , {
                  "type":"bank"
                  , "id":29
                  , "name":"Bank 3"
                  , "debug":
                  [
                    [
                      {
                        "filename":"/home/bahram/Desktop/newFromScratch/SimpleKernel.cl"
                        , "line":36
                      }
                    ]
                  ]
                  , "children":
                  [
                    {
                      "type":"port"
                      , "id":33
                      , "name":"R"
                    }
                    , {
                      "type":"port"
                      , "id":37
                      , "name":"R"
                    }
                    , {
                      "type":"port"
                      , "id":41
                      , "name":"R"
                    }
                    , {
                      "type":"port"
                      , "id":45
                      , "name":"R"
                    }
                    , {
                      "type":"port"
                      , "id":49
                      , "name":"R"
                    }
                    , {
                      "type":"port"
                      , "id":53
                      , "name":"R"
                    }
                    , {
                      "type":"port"
                      , "id":57
                      , "name":"W"
                    }
                  ]
                  , "details":
                  [
                    {
                      "type":"table"
                      , "Total number of ports per bank":"7"
                      , "Number of read ports per bank":"6"
                      , "Number of write ports per bank":"1"
                      , "Total replication":"6"
                    }
                  ]
                }
              ]
              , "details":
              [
                {
                  "type":"table"
                  , "Requested size":"64 bytes"
                  , "Implemented size":"384 bytes"
                  , "Number of banks":"4"
                  , "Bank width":"128 bits"
                  , "Bank depth":"1 word"
                  , "Total replication":"6"
                  , "Additional Information":
                  [
                    {
                      "type":"text"
                      , "text":"Replicated 3 times to efficiently support multiple simultaneous workgroups"
                    }
                    , {
                      "type":"text"
                      , "text":"Replicated 2 times to efficiently support multiple accesses"
                    }
                    , {
                      "type":"text"
                      , "text":"Running memory at 2x clock to support more concurrent ports"
                    }
                  ]
                  , "Reference":
                  [
                    {
                      "type":"text"
                      , "text":"See %L for more information"
                      , "links":
                      [
                        {
                          "guide":"Best Practices Guide : Local Memory"
                          , "link":"https://www.altera.com/documentation/mwh1391807516407.html#chn1469549457114"
                        }
                      ]
                    }
                  ]
                }
              ]
            }
          ]
        }
      ]
    }
  ]
  , "links":
  [
    {
      "from":30
      , "to":14
    }
    , {
      "from":31
      , "to":14
    }
    , {
      "from":32
      , "to":14
    }
    , {
      "from":33
      , "to":14
    }
    , {
      "from":34
      , "to":15
    }
    , {
      "from":35
      , "to":15
    }
    , {
      "from":36
      , "to":15
    }
    , {
      "from":37
      , "to":15
    }
    , {
      "from":38
      , "to":16
    }
    , {
      "from":39
      , "to":16
    }
    , {
      "from":40
      , "to":16
    }
    , {
      "from":41
      , "to":16
    }
    , {
      "from":42
      , "to":17
    }
    , {
      "from":43
      , "to":17
    }
    , {
      "from":44
      , "to":17
    }
    , {
      "from":45
      , "to":17
    }
    , {
      "from":46
      , "to":18
    }
    , {
      "from":47
      , "to":18
    }
    , {
      "from":48
      , "to":18
    }
    , {
      "from":49
      , "to":18
    }
    , {
      "from":50
      , "to":19
    }
    , {
      "from":51
      , "to":19
    }
    , {
      "from":52
      , "to":19
    }
    , {
      "from":53
      , "to":19
    }
    , {
      "from":10
      , "to":54
    }
    , {
      "from":11
      , "to":55
    }
    , {
      "from":12
      , "to":56
    }
    , {
      "from":13
      , "to":57
    }
  ]
}
