{
  "performanceSummary":
  {
    "name":"Kernel Summary"
    , "columns":
    ["Kernel Name", "Kernel Type", "Autorun", "Workgroup Size", "# Compute Units"]
    , "children":
    [
      {
        "name":"PushKernel"
        , "data":
        [
          "NDRange"
          , "No"
          , "n/a"
          , 1
        ]
        , "details":
        [
          {
            "type":"text"
            , "text":"Kernel type: NDRange"
          }
          , {
            "type":"text"
            , "text":"Maximum workgroup size: 256"
          }
        ]
        , "debug":
        [
          [
            {
              "filename":"/home/bahram/Desktop/newFromScratch/SimpleKernel.cl"
              , "line":9
            }
          ]
        ]
      }
    ]
  }
  , "estimatedResources":
  {
    "name":"Estimated Resource Usage"
    , "columns":
    ["Kernel Name", "ALUTs ", "FFs  ", "RAMs ", "DSPs "]
    , "children":
    [
      {
        "name":"PushKernel"
        , "data":
        [8445, 25904, 168, 2]
        , "debug":
        [
          [
            {
              "filename":"/home/bahram/Desktop/newFromScratch/SimpleKernel.cl"
              , "line":9
            }
          ]
        ]
      }
      , {
        "name":"Global Interconnect"
        , "classes":
        ["summary-highlight", "nohover"]
        , "data":
        [792, 3014, 10, 0]
      }
      , {
        "name":"Board Interface"
        , "classes":
        ["summary-highlight", "nohover"]
        , "data":
        [2160, 1908, 20, 0]
      }
      , {
        "name":"Total"
        , "classes":
        ["summary-highlight", "nohover"]
        , "data":
        [11397, 30826, 198, 2]
        , "data_percent":
        [10.4014, 14.0666, 38.5214, 1.78571]
      }
      , {
        "name":"Available"
        , "classes":
        ["summary-highlight", "nohover"]
        , "data":
        [109572, 219144, 514, 112]
      }
    ]
  }
  , "compileWarnings":
  {
    "name":"Compile Warnings"
    , "children":
    [
      {
        "name":"Load uses a Burst-coalesced non-aligned LSU"
        , "details":
        [
          {
            "type":"text"
            , "text":"Use Dynamic Profiler to determine performance impact of this LSU."
          }
        ]
        , "debug":
        [
          [
            {
              "filename":"/home/bahram/Desktop/newFromScratch/SimpleKernel.cl"
              , "line":59
            }
          ]
        ]
      }
      , {
        "name":"Load uses a Burst-coalesced non-aligned LSU"
        , "details":
        [
          {
            "type":"text"
            , "text":"Use Dynamic Profiler to determine performance impact of this LSU."
          }
        ]
        , "debug":
        [
          [
            {
              "filename":"/home/bahram/Desktop/newFromScratch/SimpleKernel.cl"
              , "line":52
            }
          ]
          , [
            {
              "filename":"/home/bahram/Desktop/newFromScratch/SimpleKernel.cl"
              , "line":90
            }
          ]
          , [
            {
              "filename":"/home/bahram/Desktop/newFromScratch/SimpleKernel.cl"
              , "line":103
            }
          ]
        ]
      }
    ]
  }
}
