{"max_resources":[109572,219144,514,112],"name":"Kernel System","children":[{"name":"Board interface","type":"resource","data":[2160,1908,20,0],"details":[{"text":"Platform interface logic.","type":"text"}]},{"name":"Global interconnect","type":"resource","data":[497,2946,10,0],"details":[{"text":"Global interconnect for 7 global loads and 1 global store. Reduce number of global loads and stores to simplify global interconnect.","type":"text"},{"text":"See %L for more information","type":"text","links":[{"link":"https://www.altera.com/documentation/mwh1391807516407.html#hnj1476724450050","guide":"Best Practices Guide : Global Memory Interconnect"}]}]},{"name":"PushKernel","total_kernel_resources":[8663,26680,169,2],"debug":[[{"filename":"/home/bahram/Desktop/newFromScratch/SimpleKernel.cl","line":32}]],"type":"function","total_percent":[20.0491,7.90622,12.1746,32.8794,1.78571],"children":[{"detail":[{"text":"Feedback + Cluster logic","type":"text"}],"name":"Data control overhead","type":"resource","data":[85,47,0,0]},{"name":"Function overhead","type":"resource","data":[1622,1598,0,0],"details":[{"text":"Kernel dispatch logic.","type":"text"}]},{"name":"SimpleKernel.cl:32 (heights_block)","type":"resource","data":[516,6144,56,0],"details":[{"Total replication":6,"Number of banks":"4 (banked on bits 4, 5)","Bank depth":"1 word","Additional information":[{"text":"Requested size 64 bytes, implemented size 384 bytes, replicated 6 times total, stall-free, 12 reads and 4 writes. ","type":"text"},{"text":"Replicated 3 times to efficiently support multiple simultaneous workgroups. This replication resulted in no increase in actual block RAM usage.","type":"text"},{"text":"Replicated 2 times to efficiently support multiple accesses. To reduce this replication factor, reduce number of read and write accesses.","type":"text"},{"text":"Banked on bits 4, 5 into 4 separate banks.","type":"text"}],"Local memory":"Good but replicated","Implemented size":"384 bytes","Bank width":"128 bits","Reference":[{"text":"See %L for more information.","type":"text","links":[{"link":"https://www.altera.com/documentation/mwh1391807516407.html#chn1469549457114","guide":"Best Practices Guide : Local Memory"}]}],"Requested size":"64 bytes","Clock":"Running memory at 2x clock to support more concurrent ports","type":"table"}]},{"name":"No Source Line","children":[{"count":1,"name":"State","data":[402,440,0,0],"debug":[[{"filename":"","line":0}]],"type":"resource"},{"count":6,"name":"And","data":[5,0,0,0],"debug":[[{"filename":"","line":0}]],"type":"resource"},{"count":4,"name":"Work-group limiter exit","data":[68,132,0,0],"debug":[[{"filename":"","line":0}]],"type":"resource"}],"type":"resource","data":[475,572,0,0]},{"replace_name":"true","debug":[[{"filename":"/home/bahram/Desktop/newFromScratch/SimpleKernel.cl","line":15}]],"name":"/home/bahram/Desktop/newFromScratch/SimpleKernel.cl:15","children":[{"count":1,"name":"32-bit Integer Add","data":[33,0,0,0],"debug":[[{"filename":"/home/bahram/Desktop/newFromScratch/SimpleKernel.cl","line":15}]],"type":"resource"},{"count":1,"name":"32-bit Integer Multiply","data":[66,0,0,2],"debug":[[{"filename":"/home/bahram/Desktop/newFromScratch/SimpleKernel.cl","line":15}]],"type":"resource"}],"data":[99,0,0,2],"type":"resource"},{"replace_name":"true","debug":[[{"filename":"/home/bahram/Desktop/newFromScratch/SimpleKernel.cl","line":39}]],"name":"/home/bahram/Desktop/newFromScratch/SimpleKernel.cl:39","children":[{"count":4,"name":"Integer Compare","data":[44,4,0,0],"debug":[[{"filename":"/home/bahram/Desktop/newFromScratch/SimpleKernel.cl","line":39}]],"type":"resource"},{"count":1,"name":"Or","data":[11,1,0,0],"debug":[[{"filename":"/home/bahram/Desktop/newFromScratch/SimpleKernel.cl","line":39}]],"type":"resource"}],"data":[55,5,0,0],"type":"resource"},{"replace_name":"true","debug":[[{"filename":"/home/bahram/Desktop/newFromScratch/SimpleKernel.cl","line":46}]],"name":"/home/bahram/Desktop/newFromScratch/SimpleKernel.cl:46","children":[{"count":1,"name":"Load","data":[470,2018,13,0],"debug":[[{"filename":"/home/bahram/Desktop/newFromScratch/SimpleKernel.cl","line":46}]],"type":"resource"},{"count":1,"name":"Store","data":[8.5,6,0,0],"debug":[[{"filename":"/home/bahram/Desktop/newFromScratch/SimpleKernel.cl","line":46}]],"type":"resource"}],"data":[478.5,2024,13,0],"type":"resource"},{"replace_name":"true","debug":[[{"filename":"/home/bahram/Desktop/newFromScratch/SimpleKernel.cl","line":47}]],"name":"/home/bahram/Desktop/newFromScratch/SimpleKernel.cl:47","children":[{"count":1,"name":"Store","data":[8.5,6,0,0],"debug":[[{"filename":"/home/bahram/Desktop/newFromScratch/SimpleKernel.cl","line":47}]],"type":"resource"}],"data":[8.5,6,0,0],"type":"resource"},{"replace_name":"true","debug":[[{"filename":"/home/bahram/Desktop/newFromScratch/SimpleKernel.cl","line":51}]],"name":"/home/bahram/Desktop/newFromScratch/SimpleKernel.cl:51","children":[{"count":1,"name":"Load","data":[343.5,1207.5,8,0],"debug":[[{"filename":"/home/bahram/Desktop/newFromScratch/SimpleKernel.cl","line":51}]],"type":"resource"},{"count":1,"name":"Store","data":[8.5,6,0,0],"debug":[[{"filename":"/home/bahram/Desktop/newFromScratch/SimpleKernel.cl","line":51}]],"type":"resource"}],"data":[352,1213.5,8,0],"type":"resource"},{"replace_name":"true","debug":[[{"filename":"/home/bahram/Desktop/newFromScratch/SimpleKernel.cl","line":52}]],"name":"/home/bahram/Desktop/newFromScratch/SimpleKernel.cl:52","children":[{"count":1,"name":"Store","data":[8.5,6,0,0],"debug":[[{"filename":"/home/bahram/Desktop/newFromScratch/SimpleKernel.cl","line":52}]],"type":"resource"}],"data":[8.5,6,0,0],"type":"resource"},{"replace_name":"true","debug":[[{"filename":"/home/bahram/Desktop/newFromScratch/SimpleKernel.cl","line":57}]],"name":"/home/bahram/Desktop/newFromScratch/SimpleKernel.cl:57","children":[{"count":1,"name":"Integer Compare","data":[35,1,0,0],"debug":[[{"filename":"/home/bahram/Desktop/newFromScratch/SimpleKernel.cl","line":57}]],"type":"resource"}],"data":[35,1,0,0],"type":"resource"},{"replace_name":"true","debug":[[{"filename":"/home/bahram/Desktop/newFromScratch/SimpleKernel.cl","line":60}]],"name":"/home/bahram/Desktop/newFromScratch/SimpleKernel.cl:60","children":[{"count":2,"name":"32-bit Integer Add","data":[66,0,0,0],"debug":[[{"filename":"/home/bahram/Desktop/newFromScratch/SimpleKernel.cl","line":60}]],"type":"resource"},{"count":2,"name":"Load","data":[940,4036,26,0],"debug":[[{"filename":"/home/bahram/Desktop/newFromScratch/SimpleKernel.cl","line":60}]],"type":"resource"},{"count":2,"name":"Store","data":[17,12,0,0],"debug":[[{"filename":"/home/bahram/Desktop/newFromScratch/SimpleKernel.cl","line":60}]],"type":"resource"}],"data":[1023,4048,26,0],"type":"resource"},{"replace_name":"true","debug":[[{"filename":"/home/bahram/Desktop/newFromScratch/SimpleKernel.cl","line":65}]],"name":"/home/bahram/Desktop/newFromScratch/SimpleKernel.cl:65","children":[{"count":1,"name":"Integer Compare","data":[35,1,0,0],"debug":[[{"filename":"/home/bahram/Desktop/newFromScratch/SimpleKernel.cl","line":65}]],"type":"resource"}],"data":[35,1,0,0],"type":"resource"},{"replace_name":"true","debug":[[{"filename":"/home/bahram/Desktop/newFromScratch/SimpleKernel.cl","line":68}]],"name":"/home/bahram/Desktop/newFromScratch/SimpleKernel.cl:68","children":[{"count":1,"name":"32-bit Integer Subtract","data":[33,0,0,0],"debug":[[{"filename":"/home/bahram/Desktop/newFromScratch/SimpleKernel.cl","line":68}]],"type":"resource"},{"count":1,"name":"Load","data":[687,2415,16,0],"debug":[[{"filename":"/home/bahram/Desktop/newFromScratch/SimpleKernel.cl","line":68}]],"type":"resource"},{"count":1,"name":"Store","data":[11.3333,8,0,0],"debug":[[{"filename":"/home/bahram/Desktop/newFromScratch/SimpleKernel.cl","line":68}]],"type":"resource"}],"data":[731.333,2423,16,0],"type":"resource"},{"replace_name":"true","debug":[[{"filename":"/home/bahram/Desktop/newFromScratch/SimpleKernel.cl","line":70}]],"name":"/home/bahram/Desktop/newFromScratch/SimpleKernel.cl:70","children":[{"count":1,"name":"Store","data":[11.3333,8,0,0],"debug":[[{"filename":"/home/bahram/Desktop/newFromScratch/SimpleKernel.cl","line":70}]],"type":"resource"}],"data":[11.3333,8,0,0],"type":"resource"},{"replace_name":"true","debug":[[{"filename":"/home/bahram/Desktop/newFromScratch/SimpleKernel.cl","line":71}]],"name":"/home/bahram/Desktop/newFromScratch/SimpleKernel.cl:71","children":[{"count":1,"name":"Store","data":[11.3333,8,0,0],"debug":[[{"filename":"/home/bahram/Desktop/newFromScratch/SimpleKernel.cl","line":71}]],"type":"resource"}],"data":[11.3333,8,0,0],"type":"resource"},{"replace_name":"true","debug":[[{"filename":"/home/bahram/Desktop/newFromScratch/SimpleKernel.cl","line":75}]],"name":"/home/bahram/Desktop/newFromScratch/SimpleKernel.cl:75","children":[{"count":1,"name":"Integer Compare","data":[35,1,0,0],"debug":[[{"filename":"/home/bahram/Desktop/newFromScratch/SimpleKernel.cl","line":75}]],"type":"resource"}],"data":[35,1,0,0],"type":"resource"},{"replace_name":"true","debug":[[{"filename":"/home/bahram/Desktop/newFromScratch/SimpleKernel.cl","line":78}]],"name":"/home/bahram/Desktop/newFromScratch/SimpleKernel.cl:78","children":[{"count":2,"name":"32-bit Integer Add","data":[66,0,0,0],"debug":[[{"filename":"/home/bahram/Desktop/newFromScratch/SimpleKernel.cl","line":78}]],"type":"resource"},{"count":1,"name":"Load","data":[470,2018,13,0],"debug":[[{"filename":"/home/bahram/Desktop/newFromScratch/SimpleKernel.cl","line":78}]],"type":"resource"},{"count":1,"name":"Store","data":[11.3333,8,0,0],"debug":[[{"filename":"/home/bahram/Desktop/newFromScratch/SimpleKernel.cl","line":78}]],"type":"resource"}],"data":[547.333,2026,13,0],"type":"resource"},{"replace_name":"true","debug":[[{"filename":"/home/bahram/Desktop/newFromScratch/SimpleKernel.cl","line":80}]],"name":"/home/bahram/Desktop/newFromScratch/SimpleKernel.cl:80","children":[{"count":1,"name":"Store","data":[11.3333,8,0,0],"debug":[[{"filename":"/home/bahram/Desktop/newFromScratch/SimpleKernel.cl","line":80}]],"type":"resource"}],"data":[11.3333,8,0,0],"type":"resource"},{"replace_name":"true","debug":[[{"filename":"/home/bahram/Desktop/newFromScratch/SimpleKernel.cl","line":81}]],"name":"/home/bahram/Desktop/newFromScratch/SimpleKernel.cl:81","children":[{"count":1,"name":"Store","data":[11.3333,8,0,0],"debug":[[{"filename":"/home/bahram/Desktop/newFromScratch/SimpleKernel.cl","line":81}]],"type":"resource"}],"data":[11.3333,8,0,0],"type":"resource"},{"replace_name":"true","debug":[[{"filename":"/home/bahram/Desktop/newFromScratch/SimpleKernel.cl","line":85}]],"name":"/home/bahram/Desktop/newFromScratch/SimpleKernel.cl:85","children":[{"count":1,"name":"Integer Compare","data":[35,1,0,0],"debug":[[{"filename":"/home/bahram/Desktop/newFromScratch/SimpleKernel.cl","line":85}]],"type":"resource"}],"data":[35,1,0,0],"type":"resource"},{"replace_name":"true","debug":[[{"filename":"/home/bahram/Desktop/newFromScratch/SimpleKernel.cl","line":88}]],"name":"/home/bahram/Desktop/newFromScratch/SimpleKernel.cl:88","children":[{"count":2,"name":"32-bit Integer Add","data":[66,0,0,0],"debug":[[{"filename":"/home/bahram/Desktop/newFromScratch/SimpleKernel.cl","line":88}]],"type":"resource"},{"count":2,"name":"Load","data":[813.5,3225.5,21,0],"debug":[[{"filename":"/home/bahram/Desktop/newFromScratch/SimpleKernel.cl","line":88}]],"type":"resource"},{"count":2,"name":"Store","data":[17,12,0,0],"debug":[[{"filename":"/home/bahram/Desktop/newFromScratch/SimpleKernel.cl","line":88}]],"type":"resource"}],"data":[896.5,3237.5,21,0],"type":"resource"},{"replace_name":"true","debug":[[{"filename":"/home/bahram/Desktop/newFromScratch/SimpleKernel.cl","line":96}]],"name":"/home/bahram/Desktop/newFromScratch/SimpleKernel.cl:96","children":[{"count":1,"name":"32-bit Integer Add","data":[1.65,0,0,0],"debug":[[{"filename":"/home/bahram/Desktop/newFromScratch/SimpleKernel.cl","line":96}]],"type":"resource"},{"count":1,"name":"Load","data":[24,36.5,0,0],"debug":[[{"filename":"/home/bahram/Desktop/newFromScratch/SimpleKernel.cl","line":96}]],"type":"resource"},{"count":3,"name":"Select","data":[29.6667,8,0,0],"debug":[[{"filename":"/home/bahram/Desktop/newFromScratch/SimpleKernel.cl","line":96}]],"type":"resource"}],"data":[55.3167,44.5,0,0],"type":"resource"},{"replace_name":"true","debug":[[{"filename":"/home/bahram/Desktop/newFromScratch/SimpleKernel.cl","line":97}]],"name":"/home/bahram/Desktop/newFromScratch/SimpleKernel.cl:97","children":[{"count":3,"name":"32-bit Integer Add","data":[7.8375,0,0,0],"debug":[[{"filename":"/home/bahram/Desktop/newFromScratch/SimpleKernel.cl","line":97}]],"type":"resource"},{"count":1,"name":"Load","data":[24,36.5,0,0],"debug":[[{"filename":"/home/bahram/Desktop/newFromScratch/SimpleKernel.cl","line":97}]],"type":"resource"},{"count":3,"name":"Select","data":[29.6667,8,0,0],"debug":[[{"filename":"/home/bahram/Desktop/newFromScratch/SimpleKernel.cl","line":97}]],"type":"resource"}],"data":[61.5042,44.5,0,0],"type":"resource"},{"replace_name":"true","debug":[[{"filename":"/home/bahram/Desktop/newFromScratch/SimpleKernel.cl","line":98}]],"name":"/home/bahram/Desktop/newFromScratch/SimpleKernel.cl:98","children":[{"count":3,"name":"32-bit Integer Add","data":[7.8375,0,0,0],"debug":[[{"filename":"/home/bahram/Desktop/newFromScratch/SimpleKernel.cl","line":98}]],"type":"resource"},{"count":1,"name":"Load","data":[40,68.5,0,0],"debug":[[{"filename":"/home/bahram/Desktop/newFromScratch/SimpleKernel.cl","line":98}]],"type":"resource"},{"count":3,"name":"Select","data":[29.6667,8,0,0],"debug":[[{"filename":"/home/bahram/Desktop/newFromScratch/SimpleKernel.cl","line":98}]],"type":"resource"}],"data":[77.5042,76.5,0,0],"type":"resource"},{"replace_name":"true","debug":[[{"filename":"/home/bahram/Desktop/newFromScratch/SimpleKernel.cl","line":99}]],"name":"/home/bahram/Desktop/newFromScratch/SimpleKernel.cl:99","children":[{"count":3,"name":"32-bit Integer Add","data":[7.8375,0,0,0],"debug":[[{"filename":"/home/bahram/Desktop/newFromScratch/SimpleKernel.cl","line":99}]],"type":"resource"},{"count":1,"name":"Load","data":[40,68.5,0,0],"debug":[[{"filename":"/home/bahram/Desktop/newFromScratch/SimpleKernel.cl","line":99}]],"type":"resource"},{"count":3,"name":"Select","data":[29.6667,8,0,0],"debug":[[{"filename":"/home/bahram/Desktop/newFromScratch/SimpleKernel.cl","line":99}]],"type":"resource"}],"data":[77.5042,76.5,0,0],"type":"resource"},{"replace_name":"true","debug":[[{"filename":"/home/bahram/Desktop/newFromScratch/SimpleKernel.cl","line":101}]],"name":"/home/bahram/Desktop/newFromScratch/SimpleKernel.cl:101","children":[{"count":3,"name":"32-bit Integer Add","data":[7.8375,0,0,0],"debug":[[{"filename":"/home/bahram/Desktop/newFromScratch/SimpleKernel.cl","line":101}]],"type":"resource"},{"count":1,"name":"Load","data":[24,36.5,0,0],"debug":[[{"filename":"/home/bahram/Desktop/newFromScratch/SimpleKernel.cl","line":101}]],"type":"resource"},{"count":3,"name":"Select","data":[29.6667,8,0,0],"debug":[[{"filename":"/home/bahram/Desktop/newFromScratch/SimpleKernel.cl","line":101}]],"type":"resource"}],"data":[61.5042,44.5,0,0],"type":"resource"},{"replace_name":"true","debug":[[{"filename":"/home/bahram/Desktop/newFromScratch/SimpleKernel.cl","line":104}]],"name":"/home/bahram/Desktop/newFromScratch/SimpleKernel.cl:104","children":[{"count":1,"name":"Integer Compare","data":[11,1,0,0],"debug":[[{"filename":"/home/bahram/Desktop/newFromScratch/SimpleKernel.cl","line":104}]],"type":"resource"}],"data":[11,1,0,0],"type":"resource"},{"replace_name":"true","debug":[[{"filename":"/home/bahram/Desktop/newFromScratch/SimpleKernel.cl","line":105}]],"name":"/home/bahram/Desktop/newFromScratch/SimpleKernel.cl:105","children":[{"count":1,"name":"32-bit Integer Add","data":[1.65,0,0,0],"debug":[[{"filename":"/home/bahram/Desktop/newFromScratch/SimpleKernel.cl","line":105}]],"type":"resource"},{"count":1,"name":"Load","data":[24,36.5,0,0],"debug":[[{"filename":"/home/bahram/Desktop/newFromScratch/SimpleKernel.cl","line":105}]],"type":"resource"},{"count":3,"name":"Select","data":[29.6667,8,0,0],"debug":[[{"filename":"/home/bahram/Desktop/newFromScratch/SimpleKernel.cl","line":105}]],"type":"resource"}],"data":[55.3167,44.5,0,0],"type":"resource"},{"replace_name":"true","debug":[[{"filename":"/home/bahram/Desktop/newFromScratch/SimpleKernel.cl","line":106}]],"name":"/home/bahram/Desktop/newFromScratch/SimpleKernel.cl:106","children":[{"count":3,"name":"32-bit Integer Add","data":[7.8375,0,0,0],"debug":[[{"filename":"/home/bahram/Desktop/newFromScratch/SimpleKernel.cl","line":106}]],"type":"resource"},{"count":1,"name":"Load","data":[32,41,0,0],"debug":[[{"filename":"/home/bahram/Desktop/newFromScratch/SimpleKernel.cl","line":106}]],"type":"resource"},{"count":3,"name":"Select","data":[29.6667,8,0,0],"debug":[[{"filename":"/home/bahram/Desktop/newFromScratch/SimpleKernel.cl","line":106}]],"type":"resource"}],"data":[69.5042,49,0,0],"type":"resource"},{"replace_name":"true","debug":[[{"filename":"/home/bahram/Desktop/newFromScratch/SimpleKernel.cl","line":107}]],"name":"/home/bahram/Desktop/newFromScratch/SimpleKernel.cl:107","children":[{"count":3,"name":"32-bit Integer Add","data":[7.8375,0,0,0],"debug":[[{"filename":"/home/bahram/Desktop/newFromScratch/SimpleKernel.cl","line":107}]],"type":"resource"},{"count":1,"name":"Load","data":[40,68.5,0,0],"debug":[[{"filename":"/home/bahram/Desktop/newFromScratch/SimpleKernel.cl","line":107}]],"type":"resource"},{"count":3,"name":"Select","data":[29.6667,8,0,0],"debug":[[{"filename":"/home/bahram/Desktop/newFromScratch/SimpleKernel.cl","line":107}]],"type":"resource"}],"data":[77.5042,76.5,0,0],"type":"resource"},{"replace_name":"true","debug":[[{"filename":"/home/bahram/Desktop/newFromScratch/SimpleKernel.cl","line":108}]],"name":"/home/bahram/Desktop/newFromScratch/SimpleKernel.cl:108","children":[{"count":3,"name":"32-bit Integer Add","data":[7.8375,0,0,0],"debug":[[{"filename":"/home/bahram/Desktop/newFromScratch/SimpleKernel.cl","line":108}]],"type":"resource"},{"count":1,"name":"Load","data":[32,41,0,0],"debug":[[{"filename":"/home/bahram/Desktop/newFromScratch/SimpleKernel.cl","line":108}]],"type":"resource"},{"count":3,"name":"Select","data":[29.6667,8,0,0],"debug":[[{"filename":"/home/bahram/Desktop/newFromScratch/SimpleKernel.cl","line":108}]],"type":"resource"}],"data":[69.5042,49,0,0],"type":"resource"},{"replace_name":"true","debug":[[{"filename":"/home/bahram/Desktop/newFromScratch/SimpleKernel.cl","line":110}]],"name":"/home/bahram/Desktop/newFromScratch/SimpleKernel.cl:110","children":[{"count":3,"name":"32-bit Integer Add","data":[7.8375,0,0,0],"debug":[[{"filename":"/home/bahram/Desktop/newFromScratch/SimpleKernel.cl","line":110}]],"type":"resource"},{"count":1,"name":"Load","data":[40,68.5,0,0],"debug":[[{"filename":"/home/bahram/Desktop/newFromScratch/SimpleKernel.cl","line":110}]],"type":"resource"},{"count":3,"name":"Select","data":[29.6667,8,0,0],"debug":[[{"filename":"/home/bahram/Desktop/newFromScratch/SimpleKernel.cl","line":110}]],"type":"resource"}],"data":[77.5042,76.5,0,0],"type":"resource"},{"replace_name":"true","debug":[[{"filename":"/home/bahram/Desktop/newFromScratch/SimpleKernel.cl","line":113}]],"name":"/home/bahram/Desktop/newFromScratch/SimpleKernel.cl:113","children":[{"count":1,"name":"Integer Compare","data":[11,1,0,0],"debug":[[{"filename":"/home/bahram/Desktop/newFromScratch/SimpleKernel.cl","line":113}]],"type":"resource"}],"data":[11,1,0,0],"type":"resource"},{"replace_name":"true","debug":[[{"filename":"/home/bahram/Desktop/newFromScratch/SimpleKernel.cl","line":114}]],"name":"/home/bahram/Desktop/newFromScratch/SimpleKernel.cl:114","children":[{"count":1,"name":"32-bit Integer Add","data":[1.65,0,0,0],"debug":[[{"filename":"/home/bahram/Desktop/newFromScratch/SimpleKernel.cl","line":114}]],"type":"resource"},{"count":1,"name":"Load","data":[40,68.5,0,0],"debug":[[{"filename":"/home/bahram/Desktop/newFromScratch/SimpleKernel.cl","line":114}]],"type":"resource"},{"count":2,"name":"Select","data":[16.6667,8,0,0],"debug":[[{"filename":"/home/bahram/Desktop/newFromScratch/SimpleKernel.cl","line":114}]],"type":"resource"}],"data":[58.3167,76.5,0,0],"type":"resource"},{"replace_name":"true","debug":[[{"filename":"/home/bahram/Desktop/newFromScratch/SimpleKernel.cl","line":115}]],"name":"/home/bahram/Desktop/newFromScratch/SimpleKernel.cl:115","children":[{"count":3,"name":"32-bit Integer Add","data":[7.8375,0,0,0],"debug":[[{"filename":"/home/bahram/Desktop/newFromScratch/SimpleKernel.cl","line":115}]],"type":"resource"},{"count":1,"name":"Load","data":[32,41,0,0],"debug":[[{"filename":"/home/bahram/Desktop/newFromScratch/SimpleKernel.cl","line":115}]],"type":"resource"},{"count":2,"name":"Select","data":[16.6667,8,0,0],"debug":[[{"filename":"/home/bahram/Desktop/newFromScratch/SimpleKernel.cl","line":115}]],"type":"resource"}],"data":[56.5042,49,0,0],"type":"resource"},{"replace_name":"true","debug":[[{"filename":"/home/bahram/Desktop/newFromScratch/SimpleKernel.cl","line":116}]],"name":"/home/bahram/Desktop/newFromScratch/SimpleKernel.cl:116","children":[{"count":3,"name":"32-bit Integer Add","data":[7.8375,0,0,0],"debug":[[{"filename":"/home/bahram/Desktop/newFromScratch/SimpleKernel.cl","line":116}]],"type":"resource"},{"count":1,"name":"Load","data":[24,36.5,0,0],"debug":[[{"filename":"/home/bahram/Desktop/newFromScratch/SimpleKernel.cl","line":116}]],"type":"resource"},{"count":2,"name":"Select","data":[16.6667,8,0,0],"debug":[[{"filename":"/home/bahram/Desktop/newFromScratch/SimpleKernel.cl","line":116}]],"type":"resource"}],"data":[48.5042,44.5,0,0],"type":"resource"},{"replace_name":"true","debug":[[{"filename":"/home/bahram/Desktop/newFromScratch/SimpleKernel.cl","line":117}]],"name":"/home/bahram/Desktop/newFromScratch/SimpleKernel.cl:117","children":[{"count":3,"name":"32-bit Integer Add","data":[7.8375,0,0,0],"debug":[[{"filename":"/home/bahram/Desktop/newFromScratch/SimpleKernel.cl","line":117}]],"type":"resource"},{"count":1,"name":"Load","data":[40,68.5,0,0],"debug":[[{"filename":"/home/bahram/Desktop/newFromScratch/SimpleKernel.cl","line":117}]],"type":"resource"},{"count":2,"name":"Select","data":[16.6667,8,0,0],"debug":[[{"filename":"/home/bahram/Desktop/newFromScratch/SimpleKernel.cl","line":117}]],"type":"resource"}],"data":[64.5042,76.5,0,0],"type":"resource"},{"replace_name":"true","debug":[[{"filename":"/home/bahram/Desktop/newFromScratch/SimpleKernel.cl","line":119}]],"name":"/home/bahram/Desktop/newFromScratch/SimpleKernel.cl:119","children":[{"count":3,"name":"32-bit Integer Add","data":[7.8375,0,0,0],"debug":[[{"filename":"/home/bahram/Desktop/newFromScratch/SimpleKernel.cl","line":119}]],"type":"resource"},{"count":1,"name":"Load","data":[32,41,0,0],"debug":[[{"filename":"/home/bahram/Desktop/newFromScratch/SimpleKernel.cl","line":119}]],"type":"resource"},{"count":2,"name":"Select","data":[16.6667,8,0,0],"debug":[[{"filename":"/home/bahram/Desktop/newFromScratch/SimpleKernel.cl","line":119}]],"type":"resource"}],"data":[56.5042,49,0,0],"type":"resource"},{"replace_name":"true","debug":[[{"filename":"/home/bahram/Desktop/newFromScratch/SimpleKernel.cl","line":123}]],"name":"/home/bahram/Desktop/newFromScratch/SimpleKernel.cl:123","children":[{"count":1,"name":"32-bit Integer Add","data":[1.65,0,0,0],"debug":[[{"filename":"/home/bahram/Desktop/newFromScratch/SimpleKernel.cl","line":123}]],"type":"resource"},{"count":1,"name":"Load","data":[40,68.5,0,0],"debug":[[{"filename":"/home/bahram/Desktop/newFromScratch/SimpleKernel.cl","line":123}]],"type":"resource"},{"count":1,"name":"Select","data":[8,8,0,0],"debug":[[{"filename":"/home/bahram/Desktop/newFromScratch/SimpleKernel.cl","line":123}]],"type":"resource"}],"data":[49.65,76.5,0,0],"type":"resource"},{"replace_name":"true","debug":[[{"filename":"/home/bahram/Desktop/newFromScratch/SimpleKernel.cl","line":124}]],"name":"/home/bahram/Desktop/newFromScratch/SimpleKernel.cl:124","children":[{"count":3,"name":"32-bit Integer Add","data":[7.8375,0,0,0],"debug":[[{"filename":"/home/bahram/Desktop/newFromScratch/SimpleKernel.cl","line":124}]],"type":"resource"},{"count":1,"name":"Load","data":[24,36.5,0,0],"debug":[[{"filename":"/home/bahram/Desktop/newFromScratch/SimpleKernel.cl","line":124}]],"type":"resource"},{"count":1,"name":"Select","data":[8,8,0,0],"debug":[[{"filename":"/home/bahram/Desktop/newFromScratch/SimpleKernel.cl","line":124}]],"type":"resource"}],"data":[39.8375,44.5,0,0],"type":"resource"},{"replace_name":"true","debug":[[{"filename":"/home/bahram/Desktop/newFromScratch/SimpleKernel.cl","line":125}]],"name":"/home/bahram/Desktop/newFromScratch/SimpleKernel.cl:125","children":[{"count":3,"name":"32-bit Integer Add","data":[7.8375,0,0,0],"debug":[[{"filename":"/home/bahram/Desktop/newFromScratch/SimpleKernel.cl","line":125}]],"type":"resource"},{"count":1,"name":"Load","data":[24,36.5,0,0],"debug":[[{"filename":"/home/bahram/Desktop/newFromScratch/SimpleKernel.cl","line":125}]],"type":"resource"},{"count":1,"name":"Select","data":[8,8,0,0],"debug":[[{"filename":"/home/bahram/Desktop/newFromScratch/SimpleKernel.cl","line":125}]],"type":"resource"}],"data":[39.8375,44.5,0,0],"type":"resource"},{"replace_name":"true","debug":[[{"filename":"/home/bahram/Desktop/newFromScratch/SimpleKernel.cl","line":126}]],"name":"/home/bahram/Desktop/newFromScratch/SimpleKernel.cl:126","children":[{"count":3,"name":"32-bit Integer Add","data":[7.8375,0,0,0],"debug":[[{"filename":"/home/bahram/Desktop/newFromScratch/SimpleKernel.cl","line":126}]],"type":"resource"},{"count":1,"name":"Load","data":[24,36.5,0,0],"debug":[[{"filename":"/home/bahram/Desktop/newFromScratch/SimpleKernel.cl","line":126}]],"type":"resource"},{"count":1,"name":"Select","data":[8,8,0,0],"debug":[[{"filename":"/home/bahram/Desktop/newFromScratch/SimpleKernel.cl","line":126}]],"type":"resource"}],"data":[39.8375,44.5,0,0],"type":"resource"},{"replace_name":"true","debug":[[{"filename":"/home/bahram/Desktop/newFromScratch/SimpleKernel.cl","line":128}]],"name":"/home/bahram/Desktop/newFromScratch/SimpleKernel.cl:128","children":[{"count":3,"name":"32-bit Integer Add","data":[7.8375,0,0,0],"debug":[[{"filename":"/home/bahram/Desktop/newFromScratch/SimpleKernel.cl","line":128}]],"type":"resource"},{"count":1,"name":"Load","data":[40,68.5,0,0],"debug":[[{"filename":"/home/bahram/Desktop/newFromScratch/SimpleKernel.cl","line":128}]],"type":"resource"},{"count":1,"name":"Select","data":[8,8,0,0],"debug":[[{"filename":"/home/bahram/Desktop/newFromScratch/SimpleKernel.cl","line":128}]],"type":"resource"}],"data":[55.8375,76.5,0,0],"type":"resource"},{"replace_name":"true","debug":[[{"filename":"/home/bahram/Desktop/newFromScratch/SimpleKernel.cl","line":139}]],"name":"/home/bahram/Desktop/newFromScratch/SimpleKernel.cl:139","children":[{"count":1,"name":"Store","data":[366,2128,16,0],"debug":[[{"filename":"/home/bahram/Desktop/newFromScratch/SimpleKernel.cl","line":139}]],"type":"resource"}],"data":[366,2128,16,0],"type":"resource"}],"data":[8662.9997,26680,169,2],"details":[{"text":"Number of compute units: 1","type":"text"}],"compute_units":1}],"data":[11319.9997,31534,199,2],"total_percent":[24.5274,10.3311,14.3896,38.716,1.78571],"total":[11320,31534,199,2],"debug_enabled":"true","columns":["","ALUTs","FFs","RAMs","DSPs","Details"],"type":"module"}