{
  "columns":
  ["", "ALUTs", "FFs", "RAMs", "DSPs", "Details"]
  , "debug_enabled":"true"
  , "type":"module"
  , "total_percent":
  [24.5274, 10.3311, 14.3896, 38.716, 1.78571]
  , "total":
  [11320, 31534, 199, 2]
  , "name":"Kernel System"
  , "max_resources":
  [109572, 219144, 514, 112]
  , "children":
  [
    {
      "name":"Board interface"
      , "type":"resource"
      , "data":
      [2160, 1908, 20, 0]
      , "details":
      [
        {
          "type":"text"
          , "text":"Platform interface logic."
        }
      ]
    }
    , {
      "name":"Global interconnect"
      , "type":"resource"
      , "data":
      [497, 2946, 10, 0]
      , "details":
      [
        {
          "type":"text"
          , "text":"Global interconnect for 7 global loads and 1 global store. Reduce number of global loads and stores to simplify global interconnect."
        }
        , {
          "type":"text"
          , "text":"See %L for more information"
          , "links":
          [
            {
              "guide":"Best Practices Guide : Global Memory Interconnect"
              , "link":"https://www.altera.com/documentation/mwh1391807516407.html#hnj1476724450050"
            }
          ]
        }
      ]
    }
    , {
      "name":"PushKernel"
      , "compute_units":1
      , "type":"function"
      , "total_percent":
      [20.0491, 7.90622, 12.1746, 32.8794, 1.78571]
      , "total_kernel_resources":
      [8663, 26680, 169, 2]
      , "details":
      [
        {
          "type":"text"
          , "text":"Number of compute units: 1"
        }
      ]
      , "children":
      [
        {
          "name":"Function overhead"
          , "type":"resource"
          , "data":
          [1622, 1598, 0, 0]
          , "details":
          [
            {
              "type":"text"
              , "text":"Kernel dispatch logic."
            }
          ]
        }
        , {
          "name":"SimpleKernel.cl:32 (heights_block)"
          , "type":"resource"
          , "data":
          [516, 6144, 56, 0]
          , "debug":
          [
            [
              {
                "filename":"/home/bahram/Desktop/newFromScratch/SimpleKernel.cl"
                , "line":32
              }
            ]
          ]
          , "details":
          [
            {
              "type":"table"
              , "Local memory":"Good but replicated"
              , "Requested size":"64 bytes"
              , "Implemented size":"384 bytes"
              , "Number of banks":"4 (banked on bits 4, 5)"
              , "Bank width":"128 bits"
              , "Bank depth":"1 word"
              , "Total replication":"6"
              , "Clock":"Running memory at 2x clock to support more concurrent ports"
              , "Additional information":
              [
                {
                  "type":"text"
                  , "text":"Requested size 64 bytes, implemented size 384 bytes, replicated 6 times total, stall-free, 12 reads and 4 writes. "
                }
                , {
                  "type":"text"
                  , "text":"Replicated 3 times to efficiently support multiple simultaneous workgroups. This replication resulted in no increase in actual block RAM usage."
                }
                , {
                  "type":"text"
                  , "text":"Replicated 2 times to efficiently support multiple accesses. To reduce this replication factor, reduce number of read and write accesses."
                }
                , {
                  "type":"text"
                  , "text":"Banked on bits 4, 5 into 4 separate banks."
                }
              ]
              , "Reference":
              [
                {
                  "type":"text"
                  , "text":"See %L for more information."
                  , "links":
                  [
                    {
                      "guide":"Best Practices Guide : Local Memory"
                      , "link":"https://www.altera.com/documentation/mwh1391807516407.html#chn1469549457114"
                    }
                  ]
                }
              ]
            }
          ]
        }
        , {
          "name":"PushKernel.B0"
          , "type":"basicblock"
          , "children":
          [
            {
              "name":"State"
              , "type":"resource"
              , "data":
              [402, 440, 0, 0]
              , "details":
              [
                {
                  "type":"text"
                  , "text":"Resources for live values and control logic. To reduce this area:"
                  , "details":
                  [
                    {
                      "type":"text"
                      , "text":"reduce size of local variables"
                    }
                    , {
                      "type":"text"
                      , "text":"reduce scope of local variables, localizing them as much as possible"
                    }
                    , {
                      "type":"text"
                      , "text":"reduce number of nested loops"
                    }
                  ]
                }
              ]
              , "children":
              [
                {
                  "name":"No Source Line"
                  , "type":"resource"
                  , "data":
                  [402, 440, 0, 0]
                }
              ]
            }
            , {
              "name":"Cluster logic"
              , "type":"resource"
              , "data":
              [85, 47, 0, 0]
              , "details":
              [
                {
                  "type":"text"
                  , "text":"Logic required to efficiently support sets of operations that do not stall. This area cannot be affected directly."
                }
              ]
            }
            , {
              "name":"Computation"
              , "type":"resource"
              , "children":
              [
                {
                  "name":"No Source Line"
                  , "type":"resource"
                  , "data":
                  [73, 132, 0, 0]
                  , "debug":
                  [
                    [
                      {
                        "filename":""
                        , "line":0
                      }
                    ]
                  ]
                  , "children":
                  [
                    {
                      "name":"And"
                      , "type":"resource"
                      , "count":6
                      , "data":
                      [5, 0, 0, 0]
                    }
                    , {
                      "name":"Work-group limiter exit"
                      , "type":"resource"
                      , "count":4
                      , "data":
                      [68, 132, 0, 0]
                    }
                  ]
                }
                , {
                  "name":"SimpleKernel.cl:15"
                  , "type":"resource"
                  , "data":
                  [99, 0, 0, 2]
                  , "debug":
                  [
                    [
                      {
                        "filename":"/home/bahram/Desktop/newFromScratch/SimpleKernel.cl"
                        , "line":15
                      }
                    ]
                  ]
                  , "children":
                  [
                    {
                      "name":"32-bit Integer Add"
                      , "type":"resource"
                      , "count":1
                      , "data":
                      [33, 0, 0, 0]
                    }
                    , {
                      "name":"32-bit Integer Multiply"
                      , "type":"resource"
                      , "count":1
                      , "data":
                      [66, 0, 0, 2]
                    }
                  ]
                  , "replace_name":"true"
                }
                , {
                  "name":"SimpleKernel.cl:39"
                  , "type":"resource"
                  , "data":
                  [55, 5, 0, 0]
                  , "debug":
                  [
                    [
                      {
                        "filename":"/home/bahram/Desktop/newFromScratch/SimpleKernel.cl"
                        , "line":39
                      }
                    ]
                  ]
                  , "children":
                  [
                    {
                      "name":"Integer Compare"
                      , "type":"resource"
                      , "count":4
                      , "data":
                      [44, 4, 0, 0]
                    }
                    , {
                      "name":"Or"
                      , "type":"resource"
                      , "count":1
                      , "data":
                      [11, 1, 0, 0]
                    }
                  ]
                  , "replace_name":"true"
                }
                , {
                  "name":"SimpleKernel.cl:46"
                  , "type":"resource"
                  , "data":
                  [478.5, 2024, 13, 0]
                  , "debug":
                  [
                    [
                      {
                        "filename":"/home/bahram/Desktop/newFromScratch/SimpleKernel.cl"
                        , "line":46
                      }
                    ]
                  ]
                  , "children":
                  [
                    {
                      "name":"Load"
                      , "type":"resource"
                      , "count":1
                      , "data":
                      [470, 2018, 13, 0]
                      , "details":
                      [
                        {
                          "type":"text"
                          , "text":"Load uses a Burst-coalesced LSU"
                        }
                      ]
                    }
                    , {
                      "name":"Store"
                      , "type":"resource"
                      , "count":1
                      , "data":
                      [8.5, 6, 0, 0]
                      , "details":
                      [
                        {
                          "type":"text"
                          , "text":"Store uses a Local-pipelined never-stall LSU"
                        }
                        , {
                          "type":"text"
                          , "text":"Stall-free write to memory declared on SimpleKernel.cl:32."
                        }
                        , {
                          "type":"text"
                          , "text":"See %L for more information"
                          , "links":
                          [
                            {
                              "guide":"Best Practices Guide : Load-Store Units"
                              , "link":"https://www.altera.com/documentation/mwh1391807516407.html#yeo1491314105959"
                            }
                          ]
                        }
                      ]
                    }
                  ]
                  , "replace_name":"true"
                }
                , {
                  "name":"SimpleKernel.cl:47"
                  , "type":"resource"
                  , "data":
                  [8.5, 6, 0, 0]
                  , "debug":
                  [
                    [
                      {
                        "filename":"/home/bahram/Desktop/newFromScratch/SimpleKernel.cl"
                        , "line":47
                      }
                    ]
                  ]
                  , "children":
                  [
                    {
                      "name":"Store"
                      , "type":"resource"
                      , "count":1
                      , "data":
                      [8.5, 6, 0, 0]
                      , "details":
                      [
                        {
                          "type":"text"
                          , "text":"Store uses a Local-pipelined never-stall LSU"
                        }
                        , {
                          "type":"text"
                          , "text":"Stall-free write to memory declared on SimpleKernel.cl:32."
                        }
                        , {
                          "type":"text"
                          , "text":"See %L for more information"
                          , "links":
                          [
                            {
                              "guide":"Best Practices Guide : Load-Store Units"
                              , "link":"https://www.altera.com/documentation/mwh1391807516407.html#yeo1491314105959"
                            }
                          ]
                        }
                      ]
                    }
                  ]
                  , "replace_name":"true"
                }
                , {
                  "name":"SimpleKernel.cl:51"
                  , "type":"resource"
                  , "data":
                  [352, 1213.5, 8, 0]
                  , "debug":
                  [
                    [
                      {
                        "filename":"/home/bahram/Desktop/newFromScratch/SimpleKernel.cl"
                        , "line":51
                      }
                    ]
                  ]
                  , "children":
                  [
                    {
                      "name":"Load"
                      , "type":"resource"
                      , "count":1
                      , "data":
                      [343.5, 1207.5, 8, 0]
                      , "details":
                      [
                        {
                          "type":"text"
                          , "text":"Load uses a Burst-coalesced non-aligned LSU.  Use Dynamic Profiler to determine performance impact of this LSU."
                        }
                      ]
                    }
                    , {
                      "name":"Store"
                      , "type":"resource"
                      , "count":1
                      , "data":
                      [8.5, 6, 0, 0]
                      , "details":
                      [
                        {
                          "type":"text"
                          , "text":"Store uses a Local-pipelined never-stall LSU"
                        }
                        , {
                          "type":"text"
                          , "text":"Stall-free write to memory declared on SimpleKernel.cl:32."
                        }
                        , {
                          "type":"text"
                          , "text":"See %L for more information"
                          , "links":
                          [
                            {
                              "guide":"Best Practices Guide : Load-Store Units"
                              , "link":"https://www.altera.com/documentation/mwh1391807516407.html#yeo1491314105959"
                            }
                          ]
                        }
                      ]
                    }
                  ]
                  , "replace_name":"true"
                }
                , {
                  "name":"SimpleKernel.cl:52"
                  , "type":"resource"
                  , "data":
                  [8.5, 6, 0, 0]
                  , "debug":
                  [
                    [
                      {
                        "filename":"/home/bahram/Desktop/newFromScratch/SimpleKernel.cl"
                        , "line":52
                      }
                    ]
                  ]
                  , "children":
                  [
                    {
                      "name":"Store"
                      , "type":"resource"
                      , "count":1
                      , "data":
                      [8.5, 6, 0, 0]
                      , "details":
                      [
                        {
                          "type":"text"
                          , "text":"Store uses a Local-pipelined never-stall LSU"
                        }
                        , {
                          "type":"text"
                          , "text":"Stall-free write to memory declared on SimpleKernel.cl:32."
                        }
                        , {
                          "type":"text"
                          , "text":"See %L for more information"
                          , "links":
                          [
                            {
                              "guide":"Best Practices Guide : Load-Store Units"
                              , "link":"https://www.altera.com/documentation/mwh1391807516407.html#yeo1491314105959"
                            }
                          ]
                        }
                      ]
                    }
                  ]
                  , "replace_name":"true"
                }
                , {
                  "name":"SimpleKernel.cl:57"
                  , "type":"resource"
                  , "data":
                  [35, 1, 0, 0]
                  , "debug":
                  [
                    [
                      {
                        "filename":"/home/bahram/Desktop/newFromScratch/SimpleKernel.cl"
                        , "line":57
                      }
                    ]
                  ]
                  , "children":
                  [
                    {
                      "name":"Integer Compare"
                      , "type":"resource"
                      , "count":1
                      , "data":
                      [35, 1, 0, 0]
                    }
                  ]
                  , "replace_name":"true"
                }
                , {
                  "name":"SimpleKernel.cl:60"
                  , "type":"resource"
                  , "data":
                  [1023, 4048, 26, 0]
                  , "debug":
                  [
                    [
                      {
                        "filename":"/home/bahram/Desktop/newFromScratch/SimpleKernel.cl"
                        , "line":60
                      }
                    ]
                  ]
                  , "children":
                  [
                    {
                      "name":"32-bit Integer Add"
                      , "type":"resource"
                      , "count":2
                      , "data":
                      [66, 0, 0, 0]
                    }
                    , {
                      "name":"Load"
                      , "type":"resource"
                      , "count":2
                      , "data":
                      [940, 4036, 26, 0]
                      , "details":
                      [
                        {
                          "type":"text"
                          , "text":"Load uses a Burst-coalesced LSU"
                        }
                      ]
                    }
                    , {
                      "name":"Store"
                      , "type":"resource"
                      , "count":2
                      , "data":
                      [17, 12, 0, 0]
                      , "details":
                      [
                        {
                          "type":"text"
                          , "text":"Store uses a Local-pipelined never-stall LSU"
                        }
                        , {
                          "type":"text"
                          , "text":"Stall-free write to memory declared on SimpleKernel.cl:32."
                        }
                        , {
                          "type":"text"
                          , "text":"See %L for more information"
                          , "links":
                          [
                            {
                              "guide":"Best Practices Guide : Load-Store Units"
                              , "link":"https://www.altera.com/documentation/mwh1391807516407.html#yeo1491314105959"
                            }
                          ]
                        }
                      ]
                    }
                  ]
                  , "replace_name":"true"
                }
                , {
                  "name":"SimpleKernel.cl:65"
                  , "type":"resource"
                  , "data":
                  [35, 1, 0, 0]
                  , "debug":
                  [
                    [
                      {
                        "filename":"/home/bahram/Desktop/newFromScratch/SimpleKernel.cl"
                        , "line":65
                      }
                    ]
                  ]
                  , "children":
                  [
                    {
                      "name":"Integer Compare"
                      , "type":"resource"
                      , "count":1
                      , "data":
                      [35, 1, 0, 0]
                    }
                  ]
                  , "replace_name":"true"
                }
                , {
                  "name":"SimpleKernel.cl:68"
                  , "type":"resource"
                  , "data":
                  [731.333, 2423, 16, 0]
                  , "debug":
                  [
                    [
                      {
                        "filename":"/home/bahram/Desktop/newFromScratch/SimpleKernel.cl"
                        , "line":68
                      }
                    ]
                  ]
                  , "children":
                  [
                    {
                      "name":"32-bit Integer Subtract"
                      , "type":"resource"
                      , "count":1
                      , "data":
                      [33, 0, 0, 0]
                    }
                    , {
                      "name":"Load"
                      , "type":"resource"
                      , "count":1
                      , "data":
                      [687, 2415, 16, 0]
                      , "details":
                      [
                        {
                          "type":"text"
                          , "text":"Load uses a Burst-coalesced non-aligned LSU.  Use Dynamic Profiler to determine performance impact of this LSU."
                        }
                      ]
                    }
                    , {
                      "name":"Store"
                      , "type":"resource"
                      , "count":1
                      , "data":
                      [11.3333, 8, 0, 0]
                      , "details":
                      [
                        {
                          "type":"text"
                          , "text":"Store uses a Local-pipelined never-stall LSU"
                        }
                        , {
                          "type":"text"
                          , "text":"Stall-free write to memory declared on SimpleKernel.cl:32."
                        }
                        , {
                          "type":"text"
                          , "text":"See %L for more information"
                          , "links":
                          [
                            {
                              "guide":"Best Practices Guide : Load-Store Units"
                              , "link":"https://www.altera.com/documentation/mwh1391807516407.html#yeo1491314105959"
                            }
                          ]
                        }
                      ]
                    }
                  ]
                  , "replace_name":"true"
                }
                , {
                  "name":"SimpleKernel.cl:70"
                  , "type":"resource"
                  , "data":
                  [11.3333, 8, 0, 0]
                  , "debug":
                  [
                    [
                      {
                        "filename":"/home/bahram/Desktop/newFromScratch/SimpleKernel.cl"
                        , "line":70
                      }
                    ]
                  ]
                  , "children":
                  [
                    {
                      "name":"Store"
                      , "type":"resource"
                      , "count":1
                      , "data":
                      [11.3333, 8, 0, 0]
                      , "details":
                      [
                        {
                          "type":"text"
                          , "text":"Store uses a Local-pipelined never-stall LSU"
                        }
                        , {
                          "type":"text"
                          , "text":"Stall-free write to memory declared on SimpleKernel.cl:32."
                        }
                        , {
                          "type":"text"
                          , "text":"See %L for more information"
                          , "links":
                          [
                            {
                              "guide":"Best Practices Guide : Load-Store Units"
                              , "link":"https://www.altera.com/documentation/mwh1391807516407.html#yeo1491314105959"
                            }
                          ]
                        }
                      ]
                    }
                  ]
                  , "replace_name":"true"
                }
                , {
                  "name":"SimpleKernel.cl:71"
                  , "type":"resource"
                  , "data":
                  [11.3333, 8, 0, 0]
                  , "debug":
                  [
                    [
                      {
                        "filename":"/home/bahram/Desktop/newFromScratch/SimpleKernel.cl"
                        , "line":71
                      }
                    ]
                  ]
                  , "children":
                  [
                    {
                      "name":"Store"
                      , "type":"resource"
                      , "count":1
                      , "data":
                      [11.3333, 8, 0, 0]
                      , "details":
                      [
                        {
                          "type":"text"
                          , "text":"Store uses a Local-pipelined never-stall LSU"
                        }
                        , {
                          "type":"text"
                          , "text":"Stall-free write to memory declared on SimpleKernel.cl:32."
                        }
                        , {
                          "type":"text"
                          , "text":"See %L for more information"
                          , "links":
                          [
                            {
                              "guide":"Best Practices Guide : Load-Store Units"
                              , "link":"https://www.altera.com/documentation/mwh1391807516407.html#yeo1491314105959"
                            }
                          ]
                        }
                      ]
                    }
                  ]
                  , "replace_name":"true"
                }
                , {
                  "name":"SimpleKernel.cl:75"
                  , "type":"resource"
                  , "data":
                  [35, 1, 0, 0]
                  , "debug":
                  [
                    [
                      {
                        "filename":"/home/bahram/Desktop/newFromScratch/SimpleKernel.cl"
                        , "line":75
                      }
                    ]
                  ]
                  , "children":
                  [
                    {
                      "name":"Integer Compare"
                      , "type":"resource"
                      , "count":1
                      , "data":
                      [35, 1, 0, 0]
                    }
                  ]
                  , "replace_name":"true"
                }
                , {
                  "name":"SimpleKernel.cl:78"
                  , "type":"resource"
                  , "data":
                  [547.333, 2026, 13, 0]
                  , "debug":
                  [
                    [
                      {
                        "filename":"/home/bahram/Desktop/newFromScratch/SimpleKernel.cl"
                        , "line":78
                      }
                    ]
                  ]
                  , "children":
                  [
                    {
                      "name":"32-bit Integer Add"
                      , "type":"resource"
                      , "count":2
                      , "data":
                      [66, 0, 0, 0]
                    }
                    , {
                      "name":"Load"
                      , "type":"resource"
                      , "count":1
                      , "data":
                      [470, 2018, 13, 0]
                      , "details":
                      [
                        {
                          "type":"text"
                          , "text":"Load uses a Burst-coalesced LSU"
                        }
                      ]
                    }
                    , {
                      "name":"Store"
                      , "type":"resource"
                      , "count":1
                      , "data":
                      [11.3333, 8, 0, 0]
                      , "details":
                      [
                        {
                          "type":"text"
                          , "text":"Store uses a Local-pipelined never-stall LSU"
                        }
                        , {
                          "type":"text"
                          , "text":"Stall-free write to memory declared on SimpleKernel.cl:32."
                        }
                        , {
                          "type":"text"
                          , "text":"See %L for more information"
                          , "links":
                          [
                            {
                              "guide":"Best Practices Guide : Load-Store Units"
                              , "link":"https://www.altera.com/documentation/mwh1391807516407.html#yeo1491314105959"
                            }
                          ]
                        }
                      ]
                    }
                  ]
                  , "replace_name":"true"
                }
                , {
                  "name":"SimpleKernel.cl:80"
                  , "type":"resource"
                  , "data":
                  [11.3333, 8, 0, 0]
                  , "debug":
                  [
                    [
                      {
                        "filename":"/home/bahram/Desktop/newFromScratch/SimpleKernel.cl"
                        , "line":80
                      }
                    ]
                  ]
                  , "children":
                  [
                    {
                      "name":"Store"
                      , "type":"resource"
                      , "count":1
                      , "data":
                      [11.3333, 8, 0, 0]
                      , "details":
                      [
                        {
                          "type":"text"
                          , "text":"Store uses a Local-pipelined never-stall LSU"
                        }
                        , {
                          "type":"text"
                          , "text":"Stall-free write to memory declared on SimpleKernel.cl:32."
                        }
                        , {
                          "type":"text"
                          , "text":"See %L for more information"
                          , "links":
                          [
                            {
                              "guide":"Best Practices Guide : Load-Store Units"
                              , "link":"https://www.altera.com/documentation/mwh1391807516407.html#yeo1491314105959"
                            }
                          ]
                        }
                      ]
                    }
                  ]
                  , "replace_name":"true"
                }
                , {
                  "name":"SimpleKernel.cl:81"
                  , "type":"resource"
                  , "data":
                  [11.3333, 8, 0, 0]
                  , "debug":
                  [
                    [
                      {
                        "filename":"/home/bahram/Desktop/newFromScratch/SimpleKernel.cl"
                        , "line":81
                      }
                    ]
                  ]
                  , "children":
                  [
                    {
                      "name":"Store"
                      , "type":"resource"
                      , "count":1
                      , "data":
                      [11.3333, 8, 0, 0]
                      , "details":
                      [
                        {
                          "type":"text"
                          , "text":"Store uses a Local-pipelined never-stall LSU"
                        }
                        , {
                          "type":"text"
                          , "text":"Stall-free write to memory declared on SimpleKernel.cl:32."
                        }
                        , {
                          "type":"text"
                          , "text":"See %L for more information"
                          , "links":
                          [
                            {
                              "guide":"Best Practices Guide : Load-Store Units"
                              , "link":"https://www.altera.com/documentation/mwh1391807516407.html#yeo1491314105959"
                            }
                          ]
                        }
                      ]
                    }
                  ]
                  , "replace_name":"true"
                }
                , {
                  "name":"SimpleKernel.cl:85"
                  , "type":"resource"
                  , "data":
                  [35, 1, 0, 0]
                  , "debug":
                  [
                    [
                      {
                        "filename":"/home/bahram/Desktop/newFromScratch/SimpleKernel.cl"
                        , "line":85
                      }
                    ]
                  ]
                  , "children":
                  [
                    {
                      "name":"Integer Compare"
                      , "type":"resource"
                      , "count":1
                      , "data":
                      [35, 1, 0, 0]
                    }
                  ]
                  , "replace_name":"true"
                }
                , {
                  "name":"SimpleKernel.cl:88"
                  , "type":"resource"
                  , "data":
                  [896.5, 3237.5, 21, 0]
                  , "debug":
                  [
                    [
                      {
                        "filename":"/home/bahram/Desktop/newFromScratch/SimpleKernel.cl"
                        , "line":88
                      }
                    ]
                  ]
                  , "children":
                  [
                    {
                      "name":"32-bit Integer Add"
                      , "type":"resource"
                      , "count":2
                      , "data":
                      [66, 0, 0, 0]
                    }
                    , {
                      "name":"Load"
                      , "type":"resource"
                      , "count":2
                      , "data":
                      [813.5, 3225.5, 21, 0]
                      , "details":
                      [
                        {
                          "type":"text"
                          , "text":"Load uses a Burst-coalesced LSU"
                        }
                        , {
                          "type":"text"
                          , "text":"Load uses a Burst-coalesced non-aligned LSU.  Use Dynamic Profiler to determine performance impact of this LSU."
                        }
                      ]
                    }
                    , {
                      "name":"Store"
                      , "type":"resource"
                      , "count":2
                      , "data":
                      [17, 12, 0, 0]
                      , "details":
                      [
                        {
                          "type":"text"
                          , "text":"Store uses a Local-pipelined never-stall LSU"
                        }
                        , {
                          "type":"text"
                          , "text":"Stall-free write to memory declared on SimpleKernel.cl:32."
                        }
                        , {
                          "type":"text"
                          , "text":"See %L for more information"
                          , "links":
                          [
                            {
                              "guide":"Best Practices Guide : Load-Store Units"
                              , "link":"https://www.altera.com/documentation/mwh1391807516407.html#yeo1491314105959"
                            }
                          ]
                        }
                      ]
                    }
                  ]
                  , "replace_name":"true"
                }
                , {
                  "name":"SimpleKernel.cl:96"
                  , "type":"resource"
                  , "data":
                  [55.3167, 44.5, 0, 0]
                  , "debug":
                  [
                    [
                      {
                        "filename":"/home/bahram/Desktop/newFromScratch/SimpleKernel.cl"
                        , "line":96
                      }
                    ]
                  ]
                  , "children":
                  [
                    {
                      "name":"32-bit Integer Add"
                      , "type":"resource"
                      , "count":1
                      , "data":
                      [1.65, 0, 0, 0]
                    }
                    , {
                      "name":"Load"
                      , "type":"resource"
                      , "count":1
                      , "data":
                      [24, 36.5, 0, 0]
                      , "details":
                      [
                        {
                          "type":"text"
                          , "text":"Load uses a Local-pipelined never-stall LSU"
                        }
                        , {
                          "type":"text"
                          , "text":"Stall-free read from memory declared on SimpleKernel.cl:32."
                        }
                        , {
                          "type":"text"
                          , "text":"See %L for more information"
                          , "links":
                          [
                            {
                              "guide":"Best Practices Guide : Load-Store Units"
                              , "link":"https://www.altera.com/documentation/mwh1391807516407.html#yeo1491314105959"
                            }
                          ]
                        }
                      ]
                    }
                    , {
                      "name":"Select"
                      , "type":"resource"
                      , "count":3
                      , "data":
                      [29.6667, 8, 0, 0]
                    }
                  ]
                  , "replace_name":"true"
                }
                , {
                  "name":"SimpleKernel.cl:97"
                  , "type":"resource"
                  , "data":
                  [61.5042, 44.5, 0, 0]
                  , "debug":
                  [
                    [
                      {
                        "filename":"/home/bahram/Desktop/newFromScratch/SimpleKernel.cl"
                        , "line":97
                      }
                    ]
                  ]
                  , "children":
                  [
                    {
                      "name":"32-bit Integer Add"
                      , "type":"resource"
                      , "count":3
                      , "data":
                      [7.8375, 0, 0, 0]
                    }
                    , {
                      "name":"Load"
                      , "type":"resource"
                      , "count":1
                      , "data":
                      [24, 36.5, 0, 0]
                      , "details":
                      [
                        {
                          "type":"text"
                          , "text":"Load uses a Local-pipelined never-stall LSU"
                        }
                        , {
                          "type":"text"
                          , "text":"Stall-free read from memory declared on SimpleKernel.cl:32."
                        }
                        , {
                          "type":"text"
                          , "text":"See %L for more information"
                          , "links":
                          [
                            {
                              "guide":"Best Practices Guide : Load-Store Units"
                              , "link":"https://www.altera.com/documentation/mwh1391807516407.html#yeo1491314105959"
                            }
                          ]
                        }
                      ]
                    }
                    , {
                      "name":"Select"
                      , "type":"resource"
                      , "count":3
                      , "data":
                      [29.6667, 8, 0, 0]
                    }
                  ]
                  , "replace_name":"true"
                }
                , {
                  "name":"SimpleKernel.cl:98"
                  , "type":"resource"
                  , "data":
                  [77.5042, 76.5, 0, 0]
                  , "debug":
                  [
                    [
                      {
                        "filename":"/home/bahram/Desktop/newFromScratch/SimpleKernel.cl"
                        , "line":98
                      }
                    ]
                  ]
                  , "children":
                  [
                    {
                      "name":"32-bit Integer Add"
                      , "type":"resource"
                      , "count":3
                      , "data":
                      [7.8375, 0, 0, 0]
                    }
                    , {
                      "name":"Load"
                      , "type":"resource"
                      , "count":1
                      , "data":
                      [40, 68.5, 0, 0]
                      , "details":
                      [
                        {
                          "type":"text"
                          , "text":"Load uses a Local-pipelined never-stall LSU"
                        }
                        , {
                          "type":"text"
                          , "text":"Stall-free read from memory declared on SimpleKernel.cl:32."
                        }
                        , {
                          "type":"text"
                          , "text":"See %L for more information"
                          , "links":
                          [
                            {
                              "guide":"Best Practices Guide : Load-Store Units"
                              , "link":"https://www.altera.com/documentation/mwh1391807516407.html#yeo1491314105959"
                            }
                          ]
                        }
                      ]
                    }
                    , {
                      "name":"Select"
                      , "type":"resource"
                      , "count":3
                      , "data":
                      [29.6667, 8, 0, 0]
                    }
                  ]
                  , "replace_name":"true"
                }
                , {
                  "name":"SimpleKernel.cl:99"
                  , "type":"resource"
                  , "data":
                  [77.5042, 76.5, 0, 0]
                  , "debug":
                  [
                    [
                      {
                        "filename":"/home/bahram/Desktop/newFromScratch/SimpleKernel.cl"
                        , "line":99
                      }
                    ]
                  ]
                  , "children":
                  [
                    {
                      "name":"32-bit Integer Add"
                      , "type":"resource"
                      , "count":3
                      , "data":
                      [7.8375, 0, 0, 0]
                    }
                    , {
                      "name":"Load"
                      , "type":"resource"
                      , "count":1
                      , "data":
                      [40, 68.5, 0, 0]
                      , "details":
                      [
                        {
                          "type":"text"
                          , "text":"Load uses a Local-pipelined never-stall LSU"
                        }
                        , {
                          "type":"text"
                          , "text":"Stall-free read from memory declared on SimpleKernel.cl:32."
                        }
                        , {
                          "type":"text"
                          , "text":"See %L for more information"
                          , "links":
                          [
                            {
                              "guide":"Best Practices Guide : Load-Store Units"
                              , "link":"https://www.altera.com/documentation/mwh1391807516407.html#yeo1491314105959"
                            }
                          ]
                        }
                      ]
                    }
                    , {
                      "name":"Select"
                      , "type":"resource"
                      , "count":3
                      , "data":
                      [29.6667, 8, 0, 0]
                    }
                  ]
                  , "replace_name":"true"
                }
                , {
                  "name":"SimpleKernel.cl:101"
                  , "type":"resource"
                  , "data":
                  [61.5042, 44.5, 0, 0]
                  , "debug":
                  [
                    [
                      {
                        "filename":"/home/bahram/Desktop/newFromScratch/SimpleKernel.cl"
                        , "line":101
                      }
                    ]
                  ]
                  , "children":
                  [
                    {
                      "name":"32-bit Integer Add"
                      , "type":"resource"
                      , "count":3
                      , "data":
                      [7.8375, 0, 0, 0]
                    }
                    , {
                      "name":"Load"
                      , "type":"resource"
                      , "count":1
                      , "data":
                      [24, 36.5, 0, 0]
                      , "details":
                      [
                        {
                          "type":"text"
                          , "text":"Load uses a Local-pipelined never-stall LSU"
                        }
                        , {
                          "type":"text"
                          , "text":"Stall-free read from memory declared on SimpleKernel.cl:32."
                        }
                        , {
                          "type":"text"
                          , "text":"See %L for more information"
                          , "links":
                          [
                            {
                              "guide":"Best Practices Guide : Load-Store Units"
                              , "link":"https://www.altera.com/documentation/mwh1391807516407.html#yeo1491314105959"
                            }
                          ]
                        }
                      ]
                    }
                    , {
                      "name":"Select"
                      , "type":"resource"
                      , "count":3
                      , "data":
                      [29.6667, 8, 0, 0]
                    }
                  ]
                  , "replace_name":"true"
                }
                , {
                  "name":"SimpleKernel.cl:104"
                  , "type":"resource"
                  , "data":
                  [11, 1, 0, 0]
                  , "debug":
                  [
                    [
                      {
                        "filename":"/home/bahram/Desktop/newFromScratch/SimpleKernel.cl"
                        , "line":104
                      }
                    ]
                  ]
                  , "children":
                  [
                    {
                      "name":"Integer Compare"
                      , "type":"resource"
                      , "count":1
                      , "data":
                      [11, 1, 0, 0]
                    }
                  ]
                  , "replace_name":"true"
                }
                , {
                  "name":"SimpleKernel.cl:105"
                  , "type":"resource"
                  , "data":
                  [55.3167, 44.5, 0, 0]
                  , "debug":
                  [
                    [
                      {
                        "filename":"/home/bahram/Desktop/newFromScratch/SimpleKernel.cl"
                        , "line":105
                      }
                    ]
                  ]
                  , "children":
                  [
                    {
                      "name":"32-bit Integer Add"
                      , "type":"resource"
                      , "count":1
                      , "data":
                      [1.65, 0, 0, 0]
                    }
                    , {
                      "name":"Load"
                      , "type":"resource"
                      , "count":1
                      , "data":
                      [24, 36.5, 0, 0]
                      , "details":
                      [
                        {
                          "type":"text"
                          , "text":"Load uses a Local-pipelined never-stall LSU"
                        }
                        , {
                          "type":"text"
                          , "text":"Stall-free read from memory declared on SimpleKernel.cl:32."
                        }
                        , {
                          "type":"text"
                          , "text":"See %L for more information"
                          , "links":
                          [
                            {
                              "guide":"Best Practices Guide : Load-Store Units"
                              , "link":"https://www.altera.com/documentation/mwh1391807516407.html#yeo1491314105959"
                            }
                          ]
                        }
                      ]
                    }
                    , {
                      "name":"Select"
                      , "type":"resource"
                      , "count":3
                      , "data":
                      [29.6667, 8, 0, 0]
                    }
                  ]
                  , "replace_name":"true"
                }
                , {
                  "name":"SimpleKernel.cl:106"
                  , "type":"resource"
                  , "data":
                  [69.5042, 49, 0, 0]
                  , "debug":
                  [
                    [
                      {
                        "filename":"/home/bahram/Desktop/newFromScratch/SimpleKernel.cl"
                        , "line":106
                      }
                    ]
                  ]
                  , "children":
                  [
                    {
                      "name":"32-bit Integer Add"
                      , "type":"resource"
                      , "count":3
                      , "data":
                      [7.8375, 0, 0, 0]
                    }
                    , {
                      "name":"Load"
                      , "type":"resource"
                      , "count":1
                      , "data":
                      [32, 41, 0, 0]
                      , "details":
                      [
                        {
                          "type":"text"
                          , "text":"Load uses a Local-pipelined never-stall LSU"
                        }
                        , {
                          "type":"text"
                          , "text":"Stall-free read from memory declared on SimpleKernel.cl:32."
                        }
                        , {
                          "type":"text"
                          , "text":"See %L for more information"
                          , "links":
                          [
                            {
                              "guide":"Best Practices Guide : Load-Store Units"
                              , "link":"https://www.altera.com/documentation/mwh1391807516407.html#yeo1491314105959"
                            }
                          ]
                        }
                      ]
                    }
                    , {
                      "name":"Select"
                      , "type":"resource"
                      , "count":3
                      , "data":
                      [29.6667, 8, 0, 0]
                    }
                  ]
                  , "replace_name":"true"
                }
                , {
                  "name":"SimpleKernel.cl:107"
                  , "type":"resource"
                  , "data":
                  [77.5042, 76.5, 0, 0]
                  , "debug":
                  [
                    [
                      {
                        "filename":"/home/bahram/Desktop/newFromScratch/SimpleKernel.cl"
                        , "line":107
                      }
                    ]
                  ]
                  , "children":
                  [
                    {
                      "name":"32-bit Integer Add"
                      , "type":"resource"
                      , "count":3
                      , "data":
                      [7.8375, 0, 0, 0]
                    }
                    , {
                      "name":"Load"
                      , "type":"resource"
                      , "count":1
                      , "data":
                      [40, 68.5, 0, 0]
                      , "details":
                      [
                        {
                          "type":"text"
                          , "text":"Load uses a Local-pipelined never-stall LSU"
                        }
                        , {
                          "type":"text"
                          , "text":"Stall-free read from memory declared on SimpleKernel.cl:32."
                        }
                        , {
                          "type":"text"
                          , "text":"See %L for more information"
                          , "links":
                          [
                            {
                              "guide":"Best Practices Guide : Load-Store Units"
                              , "link":"https://www.altera.com/documentation/mwh1391807516407.html#yeo1491314105959"
                            }
                          ]
                        }
                      ]
                    }
                    , {
                      "name":"Select"
                      , "type":"resource"
                      , "count":3
                      , "data":
                      [29.6667, 8, 0, 0]
                    }
                  ]
                  , "replace_name":"true"
                }
                , {
                  "name":"SimpleKernel.cl:108"
                  , "type":"resource"
                  , "data":
                  [69.5042, 49, 0, 0]
                  , "debug":
                  [
                    [
                      {
                        "filename":"/home/bahram/Desktop/newFromScratch/SimpleKernel.cl"
                        , "line":108
                      }
                    ]
                  ]
                  , "children":
                  [
                    {
                      "name":"32-bit Integer Add"
                      , "type":"resource"
                      , "count":3
                      , "data":
                      [7.8375, 0, 0, 0]
                    }
                    , {
                      "name":"Load"
                      , "type":"resource"
                      , "count":1
                      , "data":
                      [32, 41, 0, 0]
                      , "details":
                      [
                        {
                          "type":"text"
                          , "text":"Load uses a Local-pipelined never-stall LSU"
                        }
                        , {
                          "type":"text"
                          , "text":"Stall-free read from memory declared on SimpleKernel.cl:32."
                        }
                        , {
                          "type":"text"
                          , "text":"See %L for more information"
                          , "links":
                          [
                            {
                              "guide":"Best Practices Guide : Load-Store Units"
                              , "link":"https://www.altera.com/documentation/mwh1391807516407.html#yeo1491314105959"
                            }
                          ]
                        }
                      ]
                    }
                    , {
                      "name":"Select"
                      , "type":"resource"
                      , "count":3
                      , "data":
                      [29.6667, 8, 0, 0]
                    }
                  ]
                  , "replace_name":"true"
                }
                , {
                  "name":"SimpleKernel.cl:110"
                  , "type":"resource"
                  , "data":
                  [77.5042, 76.5, 0, 0]
                  , "debug":
                  [
                    [
                      {
                        "filename":"/home/bahram/Desktop/newFromScratch/SimpleKernel.cl"
                        , "line":110
                      }
                    ]
                  ]
                  , "children":
                  [
                    {
                      "name":"32-bit Integer Add"
                      , "type":"resource"
                      , "count":3
                      , "data":
                      [7.8375, 0, 0, 0]
                    }
                    , {
                      "name":"Load"
                      , "type":"resource"
                      , "count":1
                      , "data":
                      [40, 68.5, 0, 0]
                      , "details":
                      [
                        {
                          "type":"text"
                          , "text":"Load uses a Local-pipelined never-stall LSU"
                        }
                        , {
                          "type":"text"
                          , "text":"Stall-free read from memory declared on SimpleKernel.cl:32."
                        }
                        , {
                          "type":"text"
                          , "text":"See %L for more information"
                          , "links":
                          [
                            {
                              "guide":"Best Practices Guide : Load-Store Units"
                              , "link":"https://www.altera.com/documentation/mwh1391807516407.html#yeo1491314105959"
                            }
                          ]
                        }
                      ]
                    }
                    , {
                      "name":"Select"
                      , "type":"resource"
                      , "count":3
                      , "data":
                      [29.6667, 8, 0, 0]
                    }
                  ]
                  , "replace_name":"true"
                }
                , {
                  "name":"SimpleKernel.cl:113"
                  , "type":"resource"
                  , "data":
                  [11, 1, 0, 0]
                  , "debug":
                  [
                    [
                      {
                        "filename":"/home/bahram/Desktop/newFromScratch/SimpleKernel.cl"
                        , "line":113
                      }
                    ]
                  ]
                  , "children":
                  [
                    {
                      "name":"Integer Compare"
                      , "type":"resource"
                      , "count":1
                      , "data":
                      [11, 1, 0, 0]
                    }
                  ]
                  , "replace_name":"true"
                }
                , {
                  "name":"SimpleKernel.cl:114"
                  , "type":"resource"
                  , "data":
                  [58.3167, 76.5, 0, 0]
                  , "debug":
                  [
                    [
                      {
                        "filename":"/home/bahram/Desktop/newFromScratch/SimpleKernel.cl"
                        , "line":114
                      }
                    ]
                  ]
                  , "children":
                  [
                    {
                      "name":"32-bit Integer Add"
                      , "type":"resource"
                      , "count":1
                      , "data":
                      [1.65, 0, 0, 0]
                    }
                    , {
                      "name":"Load"
                      , "type":"resource"
                      , "count":1
                      , "data":
                      [40, 68.5, 0, 0]
                      , "details":
                      [
                        {
                          "type":"text"
                          , "text":"Load uses a Local-pipelined never-stall LSU"
                        }
                        , {
                          "type":"text"
                          , "text":"Stall-free read from memory declared on SimpleKernel.cl:32."
                        }
                        , {
                          "type":"text"
                          , "text":"See %L for more information"
                          , "links":
                          [
                            {
                              "guide":"Best Practices Guide : Load-Store Units"
                              , "link":"https://www.altera.com/documentation/mwh1391807516407.html#yeo1491314105959"
                            }
                          ]
                        }
                      ]
                    }
                    , {
                      "name":"Select"
                      , "type":"resource"
                      , "count":2
                      , "data":
                      [16.6667, 8, 0, 0]
                    }
                  ]
                  , "replace_name":"true"
                }
                , {
                  "name":"SimpleKernel.cl:115"
                  , "type":"resource"
                  , "data":
                  [56.5042, 49, 0, 0]
                  , "debug":
                  [
                    [
                      {
                        "filename":"/home/bahram/Desktop/newFromScratch/SimpleKernel.cl"
                        , "line":115
                      }
                    ]
                  ]
                  , "children":
                  [
                    {
                      "name":"32-bit Integer Add"
                      , "type":"resource"
                      , "count":3
                      , "data":
                      [7.8375, 0, 0, 0]
                    }
                    , {
                      "name":"Load"
                      , "type":"resource"
                      , "count":1
                      , "data":
                      [32, 41, 0, 0]
                      , "details":
                      [
                        {
                          "type":"text"
                          , "text":"Load uses a Local-pipelined never-stall LSU"
                        }
                        , {
                          "type":"text"
                          , "text":"Stall-free read from memory declared on SimpleKernel.cl:32."
                        }
                        , {
                          "type":"text"
                          , "text":"See %L for more information"
                          , "links":
                          [
                            {
                              "guide":"Best Practices Guide : Load-Store Units"
                              , "link":"https://www.altera.com/documentation/mwh1391807516407.html#yeo1491314105959"
                            }
                          ]
                        }
                      ]
                    }
                    , {
                      "name":"Select"
                      , "type":"resource"
                      , "count":2
                      , "data":
                      [16.6667, 8, 0, 0]
                    }
                  ]
                  , "replace_name":"true"
                }
                , {
                  "name":"SimpleKernel.cl:116"
                  , "type":"resource"
                  , "data":
                  [48.5042, 44.5, 0, 0]
                  , "debug":
                  [
                    [
                      {
                        "filename":"/home/bahram/Desktop/newFromScratch/SimpleKernel.cl"
                        , "line":116
                      }
                    ]
                  ]
                  , "children":
                  [
                    {
                      "name":"32-bit Integer Add"
                      , "type":"resource"
                      , "count":3
                      , "data":
                      [7.8375, 0, 0, 0]
                    }
                    , {
                      "name":"Load"
                      , "type":"resource"
                      , "count":1
                      , "data":
                      [24, 36.5, 0, 0]
                      , "details":
                      [
                        {
                          "type":"text"
                          , "text":"Load uses a Local-pipelined never-stall LSU"
                        }
                        , {
                          "type":"text"
                          , "text":"Stall-free read from memory declared on SimpleKernel.cl:32."
                        }
                        , {
                          "type":"text"
                          , "text":"See %L for more information"
                          , "links":
                          [
                            {
                              "guide":"Best Practices Guide : Load-Store Units"
                              , "link":"https://www.altera.com/documentation/mwh1391807516407.html#yeo1491314105959"
                            }
                          ]
                        }
                      ]
                    }
                    , {
                      "name":"Select"
                      , "type":"resource"
                      , "count":2
                      , "data":
                      [16.6667, 8, 0, 0]
                    }
                  ]
                  , "replace_name":"true"
                }
                , {
                  "name":"SimpleKernel.cl:117"
                  , "type":"resource"
                  , "data":
                  [64.5042, 76.5, 0, 0]
                  , "debug":
                  [
                    [
                      {
                        "filename":"/home/bahram/Desktop/newFromScratch/SimpleKernel.cl"
                        , "line":117
                      }
                    ]
                  ]
                  , "children":
                  [
                    {
                      "name":"32-bit Integer Add"
                      , "type":"resource"
                      , "count":3
                      , "data":
                      [7.8375, 0, 0, 0]
                    }
                    , {
                      "name":"Load"
                      , "type":"resource"
                      , "count":1
                      , "data":
                      [40, 68.5, 0, 0]
                      , "details":
                      [
                        {
                          "type":"text"
                          , "text":"Load uses a Local-pipelined never-stall LSU"
                        }
                        , {
                          "type":"text"
                          , "text":"Stall-free read from memory declared on SimpleKernel.cl:32."
                        }
                        , {
                          "type":"text"
                          , "text":"See %L for more information"
                          , "links":
                          [
                            {
                              "guide":"Best Practices Guide : Load-Store Units"
                              , "link":"https://www.altera.com/documentation/mwh1391807516407.html#yeo1491314105959"
                            }
                          ]
                        }
                      ]
                    }
                    , {
                      "name":"Select"
                      , "type":"resource"
                      , "count":2
                      , "data":
                      [16.6667, 8, 0, 0]
                    }
                  ]
                  , "replace_name":"true"
                }
                , {
                  "name":"SimpleKernel.cl:119"
                  , "type":"resource"
                  , "data":
                  [56.5042, 49, 0, 0]
                  , "debug":
                  [
                    [
                      {
                        "filename":"/home/bahram/Desktop/newFromScratch/SimpleKernel.cl"
                        , "line":119
                      }
                    ]
                  ]
                  , "children":
                  [
                    {
                      "name":"32-bit Integer Add"
                      , "type":"resource"
                      , "count":3
                      , "data":
                      [7.8375, 0, 0, 0]
                    }
                    , {
                      "name":"Load"
                      , "type":"resource"
                      , "count":1
                      , "data":
                      [32, 41, 0, 0]
                      , "details":
                      [
                        {
                          "type":"text"
                          , "text":"Load uses a Local-pipelined never-stall LSU"
                        }
                        , {
                          "type":"text"
                          , "text":"Stall-free read from memory declared on SimpleKernel.cl:32."
                        }
                        , {
                          "type":"text"
                          , "text":"See %L for more information"
                          , "links":
                          [
                            {
                              "guide":"Best Practices Guide : Load-Store Units"
                              , "link":"https://www.altera.com/documentation/mwh1391807516407.html#yeo1491314105959"
                            }
                          ]
                        }
                      ]
                    }
                    , {
                      "name":"Select"
                      , "type":"resource"
                      , "count":2
                      , "data":
                      [16.6667, 8, 0, 0]
                    }
                  ]
                  , "replace_name":"true"
                }
                , {
                  "name":"SimpleKernel.cl:123"
                  , "type":"resource"
                  , "data":
                  [49.65, 76.5, 0, 0]
                  , "debug":
                  [
                    [
                      {
                        "filename":"/home/bahram/Desktop/newFromScratch/SimpleKernel.cl"
                        , "line":123
                      }
                    ]
                  ]
                  , "children":
                  [
                    {
                      "name":"32-bit Integer Add"
                      , "type":"resource"
                      , "count":1
                      , "data":
                      [1.65, 0, 0, 0]
                    }
                    , {
                      "name":"Load"
                      , "type":"resource"
                      , "count":1
                      , "data":
                      [40, 68.5, 0, 0]
                      , "details":
                      [
                        {
                          "type":"text"
                          , "text":"Load uses a Local-pipelined never-stall LSU"
                        }
                        , {
                          "type":"text"
                          , "text":"Stall-free read from memory declared on SimpleKernel.cl:32."
                        }
                        , {
                          "type":"text"
                          , "text":"See %L for more information"
                          , "links":
                          [
                            {
                              "guide":"Best Practices Guide : Load-Store Units"
                              , "link":"https://www.altera.com/documentation/mwh1391807516407.html#yeo1491314105959"
                            }
                          ]
                        }
                      ]
                    }
                    , {
                      "name":"Select"
                      , "type":"resource"
                      , "count":1
                      , "data":
                      [8, 8, 0, 0]
                    }
                  ]
                  , "replace_name":"true"
                }
                , {
                  "name":"SimpleKernel.cl:124"
                  , "type":"resource"
                  , "data":
                  [39.8375, 44.5, 0, 0]
                  , "debug":
                  [
                    [
                      {
                        "filename":"/home/bahram/Desktop/newFromScratch/SimpleKernel.cl"
                        , "line":124
                      }
                    ]
                  ]
                  , "children":
                  [
                    {
                      "name":"32-bit Integer Add"
                      , "type":"resource"
                      , "count":3
                      , "data":
                      [7.8375, 0, 0, 0]
                    }
                    , {
                      "name":"Load"
                      , "type":"resource"
                      , "count":1
                      , "data":
                      [24, 36.5, 0, 0]
                      , "details":
                      [
                        {
                          "type":"text"
                          , "text":"Load uses a Local-pipelined never-stall LSU"
                        }
                        , {
                          "type":"text"
                          , "text":"Stall-free read from memory declared on SimpleKernel.cl:32."
                        }
                        , {
                          "type":"text"
                          , "text":"See %L for more information"
                          , "links":
                          [
                            {
                              "guide":"Best Practices Guide : Load-Store Units"
                              , "link":"https://www.altera.com/documentation/mwh1391807516407.html#yeo1491314105959"
                            }
                          ]
                        }
                      ]
                    }
                    , {
                      "name":"Select"
                      , "type":"resource"
                      , "count":1
                      , "data":
                      [8, 8, 0, 0]
                    }
                  ]
                  , "replace_name":"true"
                }
                , {
                  "name":"SimpleKernel.cl:125"
                  , "type":"resource"
                  , "data":
                  [39.8375, 44.5, 0, 0]
                  , "debug":
                  [
                    [
                      {
                        "filename":"/home/bahram/Desktop/newFromScratch/SimpleKernel.cl"
                        , "line":125
                      }
                    ]
                  ]
                  , "children":
                  [
                    {
                      "name":"32-bit Integer Add"
                      , "type":"resource"
                      , "count":3
                      , "data":
                      [7.8375, 0, 0, 0]
                    }
                    , {
                      "name":"Load"
                      , "type":"resource"
                      , "count":1
                      , "data":
                      [24, 36.5, 0, 0]
                      , "details":
                      [
                        {
                          "type":"text"
                          , "text":"Load uses a Local-pipelined never-stall LSU"
                        }
                        , {
                          "type":"text"
                          , "text":"Stall-free read from memory declared on SimpleKernel.cl:32."
                        }
                        , {
                          "type":"text"
                          , "text":"See %L for more information"
                          , "links":
                          [
                            {
                              "guide":"Best Practices Guide : Load-Store Units"
                              , "link":"https://www.altera.com/documentation/mwh1391807516407.html#yeo1491314105959"
                            }
                          ]
                        }
                      ]
                    }
                    , {
                      "name":"Select"
                      , "type":"resource"
                      , "count":1
                      , "data":
                      [8, 8, 0, 0]
                    }
                  ]
                  , "replace_name":"true"
                }
                , {
                  "name":"SimpleKernel.cl:126"
                  , "type":"resource"
                  , "data":
                  [39.8375, 44.5, 0, 0]
                  , "debug":
                  [
                    [
                      {
                        "filename":"/home/bahram/Desktop/newFromScratch/SimpleKernel.cl"
                        , "line":126
                      }
                    ]
                  ]
                  , "children":
                  [
                    {
                      "name":"32-bit Integer Add"
                      , "type":"resource"
                      , "count":3
                      , "data":
                      [7.8375, 0, 0, 0]
                    }
                    , {
                      "name":"Load"
                      , "type":"resource"
                      , "count":1
                      , "data":
                      [24, 36.5, 0, 0]
                      , "details":
                      [
                        {
                          "type":"text"
                          , "text":"Load uses a Local-pipelined never-stall LSU"
                        }
                        , {
                          "type":"text"
                          , "text":"Stall-free read from memory declared on SimpleKernel.cl:32."
                        }
                        , {
                          "type":"text"
                          , "text":"See %L for more information"
                          , "links":
                          [
                            {
                              "guide":"Best Practices Guide : Load-Store Units"
                              , "link":"https://www.altera.com/documentation/mwh1391807516407.html#yeo1491314105959"
                            }
                          ]
                        }
                      ]
                    }
                    , {
                      "name":"Select"
                      , "type":"resource"
                      , "count":1
                      , "data":
                      [8, 8, 0, 0]
                    }
                  ]
                  , "replace_name":"true"
                }
                , {
                  "name":"SimpleKernel.cl:128"
                  , "type":"resource"
                  , "data":
                  [55.8375, 76.5, 0, 0]
                  , "debug":
                  [
                    [
                      {
                        "filename":"/home/bahram/Desktop/newFromScratch/SimpleKernel.cl"
                        , "line":128
                      }
                    ]
                  ]
                  , "children":
                  [
                    {
                      "name":"32-bit Integer Add"
                      , "type":"resource"
                      , "count":3
                      , "data":
                      [7.8375, 0, 0, 0]
                    }
                    , {
                      "name":"Load"
                      , "type":"resource"
                      , "count":1
                      , "data":
                      [40, 68.5, 0, 0]
                      , "details":
                      [
                        {
                          "type":"text"
                          , "text":"Load uses a Local-pipelined never-stall LSU"
                        }
                        , {
                          "type":"text"
                          , "text":"Stall-free read from memory declared on SimpleKernel.cl:32."
                        }
                        , {
                          "type":"text"
                          , "text":"See %L for more information"
                          , "links":
                          [
                            {
                              "guide":"Best Practices Guide : Load-Store Units"
                              , "link":"https://www.altera.com/documentation/mwh1391807516407.html#yeo1491314105959"
                            }
                          ]
                        }
                      ]
                    }
                    , {
                      "name":"Select"
                      , "type":"resource"
                      , "count":1
                      , "data":
                      [8, 8, 0, 0]
                    }
                  ]
                  , "replace_name":"true"
                }
                , {
                  "name":"SimpleKernel.cl:139"
                  , "type":"resource"
                  , "data":
                  [366, 2128, 16, 0]
                  , "debug":
                  [
                    [
                      {
                        "filename":"/home/bahram/Desktop/newFromScratch/SimpleKernel.cl"
                        , "line":139
                      }
                    ]
                  ]
                  , "children":
                  [
                    {
                      "name":"Store"
                      , "type":"resource"
                      , "count":1
                      , "data":
                      [366, 2128, 16, 0]
                      , "details":
                      [
                        {
                          "type":"text"
                          , "text":"Store uses a Burst-coalesced LSU"
                        }
                      ]
                    }
                  ]
                  , "replace_name":"true"
                }
              ]
            }
          ]
        }
      ]
    }
  ]
}
