{
  "nodes":
  [
    {
      "type":"kernel"
      , "id":2
      , "name":"PushKernel"
      , "children":
      [
        {
          "type":"inst"
          , "id":11
          , "name":"Store"
          , "debug":
          [
            [
              {
                "filename":"/home/bahram/Desktop/newFromScratch/SimpleKernel.cl"
                , "line":46
              }
            ]
          ]
          , "details":
          [
            {
              "type":"table"
              , "Width":"128 bits"
              , "Type":"Pipelined"
              , "Stall-free":"Yes"
              , "Stores to":"heights_block"
              , "Start Cycle":"134"
              , "Latency":"1"
              , "Reference":
              [
                {
                  "type":"text"
                  , "text":"See %L for more information"
                  , "links":
                  [
                    {
                      "guide":"Best Practices Guide : Load-Store Units"
                      , "link":"https://www.altera.com/documentation/mwh1391807516407.html#yeo1491314105959"
                    }
                  ]
                }
              ]
            }
          ]
        }
        , {
          "type":"inst"
          , "id":12
          , "name":"Store"
          , "debug":
          [
            [
              {
                "filename":"/home/bahram/Desktop/newFromScratch/SimpleKernel.cl"
                , "line":78
              }
            ]
          ]
          , "details":
          [
            {
              "type":"table"
              , "Width":"128 bits"
              , "Type":"Pipelined"
              , "Stall-free":"Yes"
              , "Stores to":"heights_block"
              , "Start Cycle":"134"
              , "Latency":"1"
              , "Reference":
              [
                {
                  "type":"text"
                  , "text":"See %L for more information"
                  , "links":
                  [
                    {
                      "guide":"Best Practices Guide : Load-Store Units"
                      , "link":"https://www.altera.com/documentation/mwh1391807516407.html#yeo1491314105959"
                    }
                  ]
                }
              ]
            }
          ]
        }
        , {
          "type":"inst"
          , "id":13
          , "name":"Store"
          , "debug":
          [
            [
              {
                "filename":"/home/bahram/Desktop/newFromScratch/SimpleKernel.cl"
                , "line":68
              }
            ]
          ]
          , "details":
          [
            {
              "type":"table"
              , "Width":"128 bits"
              , "Type":"Pipelined"
              , "Stall-free":"Yes"
              , "Stores to":"heights_block"
              , "Start Cycle":"134"
              , "Latency":"1"
              , "Reference":
              [
                {
                  "type":"text"
                  , "text":"See %L for more information"
                  , "links":
                  [
                    {
                      "guide":"Best Practices Guide : Load-Store Units"
                      , "link":"https://www.altera.com/documentation/mwh1391807516407.html#yeo1491314105959"
                    }
                  ]
                }
              ]
            }
          ]
        }
        , {
          "type":"inst"
          , "id":14
          , "name":"Store"
          , "debug":
          [
            [
              {
                "filename":"/home/bahram/Desktop/newFromScratch/SimpleKernel.cl"
                , "line":51
              }
            ]
          ]
          , "details":
          [
            {
              "type":"table"
              , "Width":"128 bits"
              , "Type":"Pipelined"
              , "Stall-free":"Yes"
              , "Stores to":"heights_block"
              , "Start Cycle":"134"
              , "Latency":"1"
              , "Reference":
              [
                {
                  "type":"text"
                  , "text":"See %L for more information"
                  , "links":
                  [
                    {
                      "guide":"Best Practices Guide : Load-Store Units"
                      , "link":"https://www.altera.com/documentation/mwh1391807516407.html#yeo1491314105959"
                    }
                  ]
                }
              ]
            }
          ]
        }
        , {
          "type":"inst"
          , "id":15
          , "name":"Load"
          , "debug":
          [
            [
              {
                "filename":"/home/bahram/Desktop/newFromScratch/SimpleKernel.cl"
                , "line":96
              }
            ]
          ]
          , "details":
          [
            {
              "type":"table"
              , "Width":"64 bits"
              , "Type":"Pipelined"
              , "Stall-free":"Yes"
              , "Loads from":"heights_block"
              , "Start Cycle":"394"
              , "Latency":"4"
              , "Reference":
              [
                {
                  "type":"text"
                  , "text":"See %L for more information"
                  , "links":
                  [
                    {
                      "guide":"Best Practices Guide : Load-Store Units"
                      , "link":"https://www.altera.com/documentation/mwh1391807516407.html#yeo1491314105959"
                    }
                  ]
                }
              ]
            }
          ]
        }
        , {
          "type":"inst"
          , "id":16
          , "name":"Load"
          , "debug":
          [
            [
              {
                "filename":"/home/bahram/Desktop/newFromScratch/SimpleKernel.cl"
                , "line":98
              }
            ]
          ]
          , "details":
          [
            {
              "type":"table"
              , "Width":"128 bits"
              , "Type":"Pipelined"
              , "Stall-free":"Yes"
              , "Loads from":"heights_block"
              , "Start Cycle":"394"
              , "Latency":"4"
              , "Reference":
              [
                {
                  "type":"text"
                  , "text":"See %L for more information"
                  , "links":
                  [
                    {
                      "guide":"Best Practices Guide : Load-Store Units"
                      , "link":"https://www.altera.com/documentation/mwh1391807516407.html#yeo1491314105959"
                    }
                  ]
                }
              ]
            }
          ]
        }
        , {
          "type":"inst"
          , "id":17
          , "name":"Load"
          , "debug":
          [
            [
              {
                "filename":"/home/bahram/Desktop/newFromScratch/SimpleKernel.cl"
                , "line":99
              }
            ]
          ]
          , "details":
          [
            {
              "type":"table"
              , "Width":"128 bits"
              , "Type":"Pipelined"
              , "Stall-free":"Yes"
              , "Loads from":"heights_block"
              , "Start Cycle":"394"
              , "Latency":"4"
              , "Reference":
              [
                {
                  "type":"text"
                  , "text":"See %L for more information"
                  , "links":
                  [
                    {
                      "guide":"Best Practices Guide : Load-Store Units"
                      , "link":"https://www.altera.com/documentation/mwh1391807516407.html#yeo1491314105959"
                    }
                  ]
                }
              ]
            }
          ]
        }
        , {
          "type":"inst"
          , "id":18
          , "name":"Load"
          , "debug":
          [
            [
              {
                "filename":"/home/bahram/Desktop/newFromScratch/SimpleKernel.cl"
                , "line":101
              }
            ]
          ]
          , "details":
          [
            {
              "type":"table"
              , "Width":"64 bits"
              , "Type":"Pipelined"
              , "Stall-free":"Yes"
              , "Loads from":"heights_block"
              , "Start Cycle":"394"
              , "Latency":"4"
              , "Reference":
              [
                {
                  "type":"text"
                  , "text":"See %L for more information"
                  , "links":
                  [
                    {
                      "guide":"Best Practices Guide : Load-Store Units"
                      , "link":"https://www.altera.com/documentation/mwh1391807516407.html#yeo1491314105959"
                    }
                  ]
                }
              ]
            }
          ]
        }
        , {
          "type":"inst"
          , "id":19
          , "name":"Load"
          , "debug":
          [
            [
              {
                "filename":"/home/bahram/Desktop/newFromScratch/SimpleKernel.cl"
                , "line":106
              }
            ]
          ]
          , "details":
          [
            {
              "type":"table"
              , "Width":"32 bits"
              , "Type":"Pipelined"
              , "Stall-free":"Yes"
              , "Loads from":"heights_block"
              , "Start Cycle":"394"
              , "Latency":"4"
              , "Reference":
              [
                {
                  "type":"text"
                  , "text":"See %L for more information"
                  , "links":
                  [
                    {
                      "guide":"Best Practices Guide : Load-Store Units"
                      , "link":"https://www.altera.com/documentation/mwh1391807516407.html#yeo1491314105959"
                    }
                  ]
                }
              ]
            }
          ]
        }
        , {
          "type":"inst"
          , "id":20
          , "name":"Load"
          , "debug":
          [
            [
              {
                "filename":"/home/bahram/Desktop/newFromScratch/SimpleKernel.cl"
                , "line":107
              }
            ]
          ]
          , "details":
          [
            {
              "type":"table"
              , "Width":"128 bits"
              , "Type":"Pipelined"
              , "Stall-free":"Yes"
              , "Loads from":"heights_block"
              , "Start Cycle":"394"
              , "Latency":"4"
              , "Reference":
              [
                {
                  "type":"text"
                  , "text":"See %L for more information"
                  , "links":
                  [
                    {
                      "guide":"Best Practices Guide : Load-Store Units"
                      , "link":"https://www.altera.com/documentation/mwh1391807516407.html#yeo1491314105959"
                    }
                  ]
                }
              ]
            }
          ]
        }
        , {
          "type":"inst"
          , "id":21
          , "name":"Load"
          , "debug":
          [
            [
              {
                "filename":"/home/bahram/Desktop/newFromScratch/SimpleKernel.cl"
                , "line":108
              }
            ]
          ]
          , "details":
          [
            {
              "type":"table"
              , "Width":"32 bits"
              , "Type":"Pipelined"
              , "Stall-free":"Yes"
              , "Loads from":"heights_block"
              , "Start Cycle":"394"
              , "Latency":"4"
              , "Reference":
              [
                {
                  "type":"text"
                  , "text":"See %L for more information"
                  , "links":
                  [
                    {
                      "guide":"Best Practices Guide : Load-Store Units"
                      , "link":"https://www.altera.com/documentation/mwh1391807516407.html#yeo1491314105959"
                    }
                  ]
                }
              ]
            }
          ]
        }
        , {
          "type":"inst"
          , "id":22
          , "name":"Load"
          , "debug":
          [
            [
              {
                "filename":"/home/bahram/Desktop/newFromScratch/SimpleKernel.cl"
                , "line":110
              }
            ]
          ]
          , "details":
          [
            {
              "type":"table"
              , "Width":"128 bits"
              , "Type":"Pipelined"
              , "Stall-free":"Yes"
              , "Loads from":"heights_block"
              , "Start Cycle":"394"
              , "Latency":"4"
              , "Reference":
              [
                {
                  "type":"text"
                  , "text":"See %L for more information"
                  , "links":
                  [
                    {
                      "guide":"Best Practices Guide : Load-Store Units"
                      , "link":"https://www.altera.com/documentation/mwh1391807516407.html#yeo1491314105959"
                    }
                  ]
                }
              ]
            }
          ]
        }
        , {
          "type":"inst"
          , "id":23
          , "name":"Load"
          , "debug":
          [
            [
              {
                "filename":"/home/bahram/Desktop/newFromScratch/SimpleKernel.cl"
                , "line":115
              }
            ]
          ]
          , "details":
          [
            {
              "type":"table"
              , "Width":"32 bits"
              , "Type":"Pipelined"
              , "Stall-free":"Yes"
              , "Loads from":"heights_block"
              , "Start Cycle":"394"
              , "Latency":"4"
              , "Reference":
              [
                {
                  "type":"text"
                  , "text":"See %L for more information"
                  , "links":
                  [
                    {
                      "guide":"Best Practices Guide : Load-Store Units"
                      , "link":"https://www.altera.com/documentation/mwh1391807516407.html#yeo1491314105959"
                    }
                  ]
                }
              ]
            }
          ]
        }
        , {
          "type":"inst"
          , "id":24
          , "name":"Load"
          , "debug":
          [
            [
              {
                "filename":"/home/bahram/Desktop/newFromScratch/SimpleKernel.cl"
                , "line":116
              }
            ]
          ]
          , "details":
          [
            {
              "type":"table"
              , "Width":"64 bits"
              , "Type":"Pipelined"
              , "Stall-free":"Yes"
              , "Loads from":"heights_block"
              , "Start Cycle":"394"
              , "Latency":"4"
              , "Reference":
              [
                {
                  "type":"text"
                  , "text":"See %L for more information"
                  , "links":
                  [
                    {
                      "guide":"Best Practices Guide : Load-Store Units"
                      , "link":"https://www.altera.com/documentation/mwh1391807516407.html#yeo1491314105959"
                    }
                  ]
                }
              ]
            }
          ]
        }
        , {
          "type":"inst"
          , "id":25
          , "name":"Load"
          , "debug":
          [
            [
              {
                "filename":"/home/bahram/Desktop/newFromScratch/SimpleKernel.cl"
                , "line":119
              }
            ]
          ]
          , "details":
          [
            {
              "type":"table"
              , "Width":"32 bits"
              , "Type":"Pipelined"
              , "Stall-free":"Yes"
              , "Loads from":"heights_block"
              , "Start Cycle":"394"
              , "Latency":"4"
              , "Reference":
              [
                {
                  "type":"text"
                  , "text":"See %L for more information"
                  , "links":
                  [
                    {
                      "guide":"Best Practices Guide : Load-Store Units"
                      , "link":"https://www.altera.com/documentation/mwh1391807516407.html#yeo1491314105959"
                    }
                  ]
                }
              ]
            }
          ]
        }
        , {
          "type":"inst"
          , "id":26
          , "name":"Load"
          , "debug":
          [
            [
              {
                "filename":"/home/bahram/Desktop/newFromScratch/SimpleKernel.cl"
                , "line":124
              }
            ]
          ]
          , "details":
          [
            {
              "type":"table"
              , "Width":"64 bits"
              , "Type":"Pipelined"
              , "Stall-free":"Yes"
              , "Loads from":"heights_block"
              , "Start Cycle":"394"
              , "Latency":"4"
              , "Reference":
              [
                {
                  "type":"text"
                  , "text":"See %L for more information"
                  , "links":
                  [
                    {
                      "guide":"Best Practices Guide : Load-Store Units"
                      , "link":"https://www.altera.com/documentation/mwh1391807516407.html#yeo1491314105959"
                    }
                  ]
                }
              ]
            }
          ]
        }
        , {
          "type":"memtype"
          , "id":30
          , "name":"Local Memory"
          , "children":
          [
            {
              "type":"memsys"
              , "id":31
              , "name":"heights_block"
              , "debug":
              [
                [
                  {
                    "filename":"/home/bahram/Desktop/newFromScratch/SimpleKernel.cl"
                    , "line":32
                  }
                ]
              ]
              , "children":
              [
                {
                  "type":"bank"
                  , "id":32
                  , "name":"Bank 0"
                  , "debug":
                  [
                    [
                      {
                        "filename":"/home/bahram/Desktop/newFromScratch/SimpleKernel.cl"
                        , "line":32
                      }
                    ]
                  ]
                  , "children":
                  [
                    {
                      "type":"port"
                      , "id":38
                      , "name":"R"
                    }
                    , {
                      "type":"port"
                      , "id":50
                      , "name":"W"
                    }
                  ]
                  , "details":
                  [
                    {
                      "type":"table"
                      , "Total number of ports per bank":"2"
                      , "Number of read ports per bank":"1"
                      , "Number of write ports per bank":"1"
                      , "Total replication":"6"
                    }
                  ]
                }
                , {
                  "type":"bank"
                  , "id":33
                  , "name":"Bank 1"
                  , "debug":
                  [
                    [
                      {
                        "filename":"/home/bahram/Desktop/newFromScratch/SimpleKernel.cl"
                        , "line":32
                      }
                    ]
                  ]
                  , "children":
                  [
                    {
                      "type":"port"
                      , "id":36
                      , "name":"R"
                    }
                    , {
                      "type":"port"
                      , "id":37
                      , "name":"R"
                    }
                    , {
                      "type":"port"
                      , "id":42
                      , "name":"R"
                    }
                    , {
                      "type":"port"
                      , "id":44
                      , "name":"R"
                    }
                    , {
                      "type":"port"
                      , "id":45
                      , "name":"R"
                    }
                    , {
                      "type":"port"
                      , "id":48
                      , "name":"W"
                    }
                  ]
                  , "details":
                  [
                    {
                      "type":"table"
                      , "Total number of ports per bank":"6"
                      , "Number of read ports per bank":"5"
                      , "Number of write ports per bank":"1"
                      , "Total replication":"6"
                    }
                  ]
                }
                , {
                  "type":"bank"
                  , "id":34
                  , "name":"Bank 2"
                  , "debug":
                  [
                    [
                      {
                        "filename":"/home/bahram/Desktop/newFromScratch/SimpleKernel.cl"
                        , "line":32
                      }
                    ]
                  ]
                  , "children":
                  [
                    {
                      "type":"port"
                      , "id":39
                      , "name":"R"
                    }
                    , {
                      "type":"port"
                      , "id":40
                      , "name":"R"
                    }
                    , {
                      "type":"port"
                      , "id":41
                      , "name":"R"
                    }
                    , {
                      "type":"port"
                      , "id":46
                      , "name":"R"
                    }
                    , {
                      "type":"port"
                      , "id":47
                      , "name":"R"
                    }
                    , {
                      "type":"port"
                      , "id":51
                      , "name":"W"
                    }
                  ]
                  , "details":
                  [
                    {
                      "type":"table"
                      , "Total number of ports per bank":"6"
                      , "Number of read ports per bank":"5"
                      , "Number of write ports per bank":"1"
                      , "Total replication":"6"
                    }
                  ]
                }
                , {
                  "type":"bank"
                  , "id":35
                  , "name":"Bank 3"
                  , "debug":
                  [
                    [
                      {
                        "filename":"/home/bahram/Desktop/newFromScratch/SimpleKernel.cl"
                        , "line":32
                      }
                    ]
                  ]
                  , "children":
                  [
                    {
                      "type":"port"
                      , "id":43
                      , "name":"R"
                    }
                    , {
                      "type":"port"
                      , "id":49
                      , "name":"W"
                    }
                  ]
                  , "details":
                  [
                    {
                      "type":"table"
                      , "Total number of ports per bank":"2"
                      , "Number of read ports per bank":"1"
                      , "Number of write ports per bank":"1"
                      , "Total replication":"6"
                    }
                  ]
                }
              ]
              , "details":
              [
                {
                  "type":"table"
                  , "Requested size":"64 bytes"
                  , "Implemented size":"384 bytes"
                  , "Number of banks":"4"
                  , "Bank width":"128 bits"
                  , "Bank depth":"1 word"
                  , "Total replication":"6"
                  , "Additional Information":
                  [
                    {
                      "type":"text"
                      , "text":"Replicated 3 times to efficiently support multiple simultaneous workgroups"
                    }
                    , {
                      "type":"text"
                      , "text":"Replicated 2 times to efficiently support multiple accesses"
                    }
                    , {
                      "type":"text"
                      , "text":"Running memory at 2x clock to support more concurrent ports"
                    }
                  ]
                  , "Reference":
                  [
                    {
                      "type":"text"
                      , "text":"See %L for more information"
                      , "links":
                      [
                        {
                          "guide":"Best Practices Guide : Local Memory"
                          , "link":"https://www.altera.com/documentation/mwh1391807516407.html#chn1469549457114"
                        }
                      ]
                    }
                  ]
                }
              ]
            }
          ]
        }
      ]
    }
  ]
  , "links":
  [
    {
      "from":36
      , "to":15
    }
    , {
      "from":37
      , "to":16
    }
    , {
      "from":38
      , "to":17
    }
    , {
      "from":39
      , "to":18
    }
    , {
      "from":40
      , "to":19
    }
    , {
      "from":41
      , "to":20
    }
    , {
      "from":42
      , "to":21
    }
    , {
      "from":43
      , "to":22
    }
    , {
      "from":44
      , "to":23
    }
    , {
      "from":45
      , "to":24
    }
    , {
      "from":46
      , "to":25
    }
    , {
      "from":47
      , "to":26
    }
    , {
      "from":11
      , "to":48
    }
    , {
      "from":12
      , "to":49
    }
    , {
      "from":13
      , "to":50
    }
    , {
      "from":14
      , "to":51
    }
  ]
}
