{
  "nodes":
  [
    {
      "type":"kernel"
      , "id":2
      , "name":"PushKernel"
      , "children":
      [
        {
          "type":"bb"
          , "id":3
          , "name":"PushKernel.B0"
          , "children":
          [
            {
              "type":"inst"
              , "id":4
              , "name":"Load"
              , "debug":
              [
                [
                  {
                    "filename":"/home/bahram/Desktop/newFromScratch/SimpleKernel.cl"
                    , "line":46
                  }
                ]
              ]
              , "details":
              [
                {
                  "type":"table"
                  , "Width":"32 bits"
                  , "Type":"Burst-coalesced"
                  , "Stall-free":"No"
                  , "Start Cycle":"12"
                  , "Latency":"121"
                  , "Reference":
                  [
                    {
                      "type":"text"
                      , "text":"See %L for more information"
                      , "links":
                      [
                        {
                          "guide":"Best Practices Guide : Load-Store Units"
                          , "link":"https://www.altera.com/documentation/mwh1391807516407.html#yeo1491314105959"
                        }
                      ]
                    }
                  ]
                }
              ]
            }
            , {
              "type":"inst"
              , "id":5
              , "name":"Load"
              , "debug":
              [
                [
                  {
                    "filename":"/home/bahram/Desktop/newFromScratch/SimpleKernel.cl"
                    , "line":88
                  }
                ]
              ]
              , "details":
              [
                {
                  "type":"table"
                  , "Width":"32 bits"
                  , "Type":"Burst-coalesced"
                  , "Stall-free":"No"
                  , "Start Cycle":"9"
                  , "Latency":"121"
                  , "Reference":
                  [
                    {
                      "type":"text"
                      , "text":"See %L for more information"
                      , "links":
                      [
                        {
                          "guide":"Best Practices Guide : Load-Store Units"
                          , "link":"https://www.altera.com/documentation/mwh1391807516407.html#yeo1491314105959"
                        }
                      ]
                    }
                  ]
                }
              ]
            }
            , {
              "type":"inst"
              , "id":6
              , "name":"Load"
              , "debug":
              [
                [
                  {
                    "filename":"/home/bahram/Desktop/newFromScratch/SimpleKernel.cl"
                    , "line":60
                  }
                ]
              ]
              , "details":
              [
                {
                  "type":"table"
                  , "Width":"32 bits"
                  , "Type":"Burst-coalesced"
                  , "Stall-free":"No"
                  , "Start Cycle":"11"
                  , "Latency":"121"
                  , "Reference":
                  [
                    {
                      "type":"text"
                      , "text":"See %L for more information"
                      , "links":
                      [
                        {
                          "guide":"Best Practices Guide : Load-Store Units"
                          , "link":"https://www.altera.com/documentation/mwh1391807516407.html#yeo1491314105959"
                        }
                      ]
                    }
                  ]
                }
              ]
            }
            , {
              "type":"inst"
              , "id":7
              , "name":"Load"
              , "debug":
              [
                [
                  {
                    "filename":"/home/bahram/Desktop/newFromScratch/SimpleKernel.cl"
                    , "line":60
                  }
                ]
              ]
              , "details":
              [
                {
                  "type":"table"
                  , "Width":"32 bits"
                  , "Type":"Burst-coalesced"
                  , "Stall-free":"No"
                  , "Start Cycle":"12"
                  , "Latency":"121"
                  , "Reference":
                  [
                    {
                      "type":"text"
                      , "text":"See %L for more information"
                      , "links":
                      [
                        {
                          "guide":"Best Practices Guide : Load-Store Units"
                          , "link":"https://www.altera.com/documentation/mwh1391807516407.html#yeo1491314105959"
                        }
                      ]
                    }
                  ]
                }
              ]
            }
            , {
              "type":"inst"
              , "id":8
              , "name":"Load"
              , "debug":
              [
                [
                  {
                    "filename":"/home/bahram/Desktop/newFromScratch/SimpleKernel.cl"
                    , "line":68
                  }
                ]
              ]
              , "details":
              [
                {
                  "type":"table"
                  , "Width":"64 bits"
                  , "Type":"Burst-non-aligned"
                  , "Stall-free":"No"
                  , "Start Cycle":"9"
                  , "Latency":"124"
                  , "Reference":
                  [
                    {
                      "type":"text"
                      , "text":"See %L for more information"
                      , "links":
                      [
                        {
                          "guide":"Best Practices Guide : Load-Store Units"
                          , "link":"https://www.altera.com/documentation/mwh1391807516407.html#yeo1491314105959"
                        }
                      ]
                    }
                  ]
                }
              ]
            }
            , {
              "type":"inst"
              , "id":9
              , "name":"Load"
              , "debug":
              [
                [
                  {
                    "filename":"/home/bahram/Desktop/newFromScratch/SimpleKernel.cl"
                    , "line":78
                  }
                ]
              ]
              , "details":
              [
                {
                  "type":"table"
                  , "Width":"32 bits"
                  , "Type":"Burst-coalesced"
                  , "Stall-free":"No"
                  , "Start Cycle":"12"
                  , "Latency":"121"
                  , "Reference":
                  [
                    {
                      "type":"text"
                      , "text":"See %L for more information"
                      , "links":
                      [
                        {
                          "guide":"Best Practices Guide : Load-Store Units"
                          , "link":"https://www.altera.com/documentation/mwh1391807516407.html#yeo1491314105959"
                        }
                      ]
                    }
                  ]
                }
              ]
            }
            , {
              "type":"inst"
              , "id":10
              , "name":"Load"
              , "debug":
              [
                [
                  {
                    "filename":"/home/bahram/Desktop/newFromScratch/SimpleKernel.cl"
                    , "line":51
                  }
                ]
              ]
              , "details":
              [
                {
                  "type":"table"
                  , "Width":"64 bits"
                  , "Type":"Burst-non-aligned"
                  , "Stall-free":"No"
                  , "Start Cycle":"9"
                  , "Latency":"124"
                  , "Reference":
                  [
                    {
                      "type":"text"
                      , "text":"See %L for more information"
                      , "links":
                      [
                        {
                          "guide":"Best Practices Guide : Load-Store Units"
                          , "link":"https://www.altera.com/documentation/mwh1391807516407.html#yeo1491314105959"
                        }
                      ]
                    }
                  ]
                }
              ]
            }
            , {
              "type":"inst"
              , "id":11
              , "name":"Store"
              , "debug":
              [
                [
                  {
                    "filename":"/home/bahram/Desktop/newFromScratch/SimpleKernel.cl"
                    , "line":46
                  }
                ]
              ]
              , "details":
              [
                {
                  "type":"table"
                  , "Width":"128 bits"
                  , "Type":"Pipelined"
                  , "Stall-free":"Yes"
                  , "Stores to":"heights_block"
                  , "Start Cycle":"134"
                  , "Latency":"1"
                  , "Reference":
                  [
                    {
                      "type":"text"
                      , "text":"See %L for more information"
                      , "links":
                      [
                        {
                          "guide":"Best Practices Guide : Load-Store Units"
                          , "link":"https://www.altera.com/documentation/mwh1391807516407.html#yeo1491314105959"
                        }
                      ]
                    }
                  ]
                }
              ]
            }
            , {
              "type":"inst"
              , "id":12
              , "name":"Store"
              , "debug":
              [
                [
                  {
                    "filename":"/home/bahram/Desktop/newFromScratch/SimpleKernel.cl"
                    , "line":78
                  }
                ]
              ]
              , "details":
              [
                {
                  "type":"table"
                  , "Width":"128 bits"
                  , "Type":"Pipelined"
                  , "Stall-free":"Yes"
                  , "Stores to":"heights_block"
                  , "Start Cycle":"134"
                  , "Latency":"1"
                  , "Reference":
                  [
                    {
                      "type":"text"
                      , "text":"See %L for more information"
                      , "links":
                      [
                        {
                          "guide":"Best Practices Guide : Load-Store Units"
                          , "link":"https://www.altera.com/documentation/mwh1391807516407.html#yeo1491314105959"
                        }
                      ]
                    }
                  ]
                }
              ]
            }
            , {
              "type":"inst"
              , "id":13
              , "name":"Store"
              , "debug":
              [
                [
                  {
                    "filename":"/home/bahram/Desktop/newFromScratch/SimpleKernel.cl"
                    , "line":68
                  }
                ]
              ]
              , "details":
              [
                {
                  "type":"table"
                  , "Width":"128 bits"
                  , "Type":"Pipelined"
                  , "Stall-free":"Yes"
                  , "Stores to":"heights_block"
                  , "Start Cycle":"134"
                  , "Latency":"1"
                  , "Reference":
                  [
                    {
                      "type":"text"
                      , "text":"See %L for more information"
                      , "links":
                      [
                        {
                          "guide":"Best Practices Guide : Load-Store Units"
                          , "link":"https://www.altera.com/documentation/mwh1391807516407.html#yeo1491314105959"
                        }
                      ]
                    }
                  ]
                }
              ]
            }
            , {
              "type":"inst"
              , "id":14
              , "name":"Store"
              , "debug":
              [
                [
                  {
                    "filename":"/home/bahram/Desktop/newFromScratch/SimpleKernel.cl"
                    , "line":51
                  }
                ]
              ]
              , "details":
              [
                {
                  "type":"table"
                  , "Width":"128 bits"
                  , "Type":"Pipelined"
                  , "Stall-free":"Yes"
                  , "Stores to":"heights_block"
                  , "Start Cycle":"134"
                  , "Latency":"1"
                  , "Reference":
                  [
                    {
                      "type":"text"
                      , "text":"See %L for more information"
                      , "links":
                      [
                        {
                          "guide":"Best Practices Guide : Load-Store Units"
                          , "link":"https://www.altera.com/documentation/mwh1391807516407.html#yeo1491314105959"
                        }
                      ]
                    }
                  ]
                }
              ]
            }
            , {
              "type":"inst"
              , "id":15
              , "name":"Load"
              , "debug":
              [
                [
                  {
                    "filename":"/home/bahram/Desktop/newFromScratch/SimpleKernel.cl"
                    , "line":96
                  }
                ]
              ]
              , "details":
              [
                {
                  "type":"table"
                  , "Width":"64 bits"
                  , "Type":"Pipelined"
                  , "Stall-free":"Yes"
                  , "Loads from":"heights_block"
                  , "Start Cycle":"394"
                  , "Latency":"4"
                  , "Reference":
                  [
                    {
                      "type":"text"
                      , "text":"See %L for more information"
                      , "links":
                      [
                        {
                          "guide":"Best Practices Guide : Load-Store Units"
                          , "link":"https://www.altera.com/documentation/mwh1391807516407.html#yeo1491314105959"
                        }
                      ]
                    }
                  ]
                }
              ]
            }
            , {
              "type":"inst"
              , "id":16
              , "name":"Load"
              , "debug":
              [
                [
                  {
                    "filename":"/home/bahram/Desktop/newFromScratch/SimpleKernel.cl"
                    , "line":98
                  }
                ]
              ]
              , "details":
              [
                {
                  "type":"table"
                  , "Width":"128 bits"
                  , "Type":"Pipelined"
                  , "Stall-free":"Yes"
                  , "Loads from":"heights_block"
                  , "Start Cycle":"394"
                  , "Latency":"4"
                  , "Reference":
                  [
                    {
                      "type":"text"
                      , "text":"See %L for more information"
                      , "links":
                      [
                        {
                          "guide":"Best Practices Guide : Load-Store Units"
                          , "link":"https://www.altera.com/documentation/mwh1391807516407.html#yeo1491314105959"
                        }
                      ]
                    }
                  ]
                }
              ]
            }
            , {
              "type":"inst"
              , "id":17
              , "name":"Load"
              , "debug":
              [
                [
                  {
                    "filename":"/home/bahram/Desktop/newFromScratch/SimpleKernel.cl"
                    , "line":99
                  }
                ]
              ]
              , "details":
              [
                {
                  "type":"table"
                  , "Width":"128 bits"
                  , "Type":"Pipelined"
                  , "Stall-free":"Yes"
                  , "Loads from":"heights_block"
                  , "Start Cycle":"394"
                  , "Latency":"4"
                  , "Reference":
                  [
                    {
                      "type":"text"
                      , "text":"See %L for more information"
                      , "links":
                      [
                        {
                          "guide":"Best Practices Guide : Load-Store Units"
                          , "link":"https://www.altera.com/documentation/mwh1391807516407.html#yeo1491314105959"
                        }
                      ]
                    }
                  ]
                }
              ]
            }
            , {
              "type":"inst"
              , "id":18
              , "name":"Load"
              , "debug":
              [
                [
                  {
                    "filename":"/home/bahram/Desktop/newFromScratch/SimpleKernel.cl"
                    , "line":101
                  }
                ]
              ]
              , "details":
              [
                {
                  "type":"table"
                  , "Width":"64 bits"
                  , "Type":"Pipelined"
                  , "Stall-free":"Yes"
                  , "Loads from":"heights_block"
                  , "Start Cycle":"394"
                  , "Latency":"4"
                  , "Reference":
                  [
                    {
                      "type":"text"
                      , "text":"See %L for more information"
                      , "links":
                      [
                        {
                          "guide":"Best Practices Guide : Load-Store Units"
                          , "link":"https://www.altera.com/documentation/mwh1391807516407.html#yeo1491314105959"
                        }
                      ]
                    }
                  ]
                }
              ]
            }
            , {
              "type":"inst"
              , "id":19
              , "name":"Load"
              , "debug":
              [
                [
                  {
                    "filename":"/home/bahram/Desktop/newFromScratch/SimpleKernel.cl"
                    , "line":106
                  }
                ]
              ]
              , "details":
              [
                {
                  "type":"table"
                  , "Width":"32 bits"
                  , "Type":"Pipelined"
                  , "Stall-free":"Yes"
                  , "Loads from":"heights_block"
                  , "Start Cycle":"394"
                  , "Latency":"4"
                  , "Reference":
                  [
                    {
                      "type":"text"
                      , "text":"See %L for more information"
                      , "links":
                      [
                        {
                          "guide":"Best Practices Guide : Load-Store Units"
                          , "link":"https://www.altera.com/documentation/mwh1391807516407.html#yeo1491314105959"
                        }
                      ]
                    }
                  ]
                }
              ]
            }
            , {
              "type":"inst"
              , "id":20
              , "name":"Load"
              , "debug":
              [
                [
                  {
                    "filename":"/home/bahram/Desktop/newFromScratch/SimpleKernel.cl"
                    , "line":107
                  }
                ]
              ]
              , "details":
              [
                {
                  "type":"table"
                  , "Width":"128 bits"
                  , "Type":"Pipelined"
                  , "Stall-free":"Yes"
                  , "Loads from":"heights_block"
                  , "Start Cycle":"394"
                  , "Latency":"4"
                  , "Reference":
                  [
                    {
                      "type":"text"
                      , "text":"See %L for more information"
                      , "links":
                      [
                        {
                          "guide":"Best Practices Guide : Load-Store Units"
                          , "link":"https://www.altera.com/documentation/mwh1391807516407.html#yeo1491314105959"
                        }
                      ]
                    }
                  ]
                }
              ]
            }
            , {
              "type":"inst"
              , "id":21
              , "name":"Load"
              , "debug":
              [
                [
                  {
                    "filename":"/home/bahram/Desktop/newFromScratch/SimpleKernel.cl"
                    , "line":108
                  }
                ]
              ]
              , "details":
              [
                {
                  "type":"table"
                  , "Width":"32 bits"
                  , "Type":"Pipelined"
                  , "Stall-free":"Yes"
                  , "Loads from":"heights_block"
                  , "Start Cycle":"394"
                  , "Latency":"4"
                  , "Reference":
                  [
                    {
                      "type":"text"
                      , "text":"See %L for more information"
                      , "links":
                      [
                        {
                          "guide":"Best Practices Guide : Load-Store Units"
                          , "link":"https://www.altera.com/documentation/mwh1391807516407.html#yeo1491314105959"
                        }
                      ]
                    }
                  ]
                }
              ]
            }
            , {
              "type":"inst"
              , "id":22
              , "name":"Load"
              , "debug":
              [
                [
                  {
                    "filename":"/home/bahram/Desktop/newFromScratch/SimpleKernel.cl"
                    , "line":110
                  }
                ]
              ]
              , "details":
              [
                {
                  "type":"table"
                  , "Width":"128 bits"
                  , "Type":"Pipelined"
                  , "Stall-free":"Yes"
                  , "Loads from":"heights_block"
                  , "Start Cycle":"394"
                  , "Latency":"4"
                  , "Reference":
                  [
                    {
                      "type":"text"
                      , "text":"See %L for more information"
                      , "links":
                      [
                        {
                          "guide":"Best Practices Guide : Load-Store Units"
                          , "link":"https://www.altera.com/documentation/mwh1391807516407.html#yeo1491314105959"
                        }
                      ]
                    }
                  ]
                }
              ]
            }
            , {
              "type":"inst"
              , "id":23
              , "name":"Load"
              , "debug":
              [
                [
                  {
                    "filename":"/home/bahram/Desktop/newFromScratch/SimpleKernel.cl"
                    , "line":115
                  }
                ]
              ]
              , "details":
              [
                {
                  "type":"table"
                  , "Width":"32 bits"
                  , "Type":"Pipelined"
                  , "Stall-free":"Yes"
                  , "Loads from":"heights_block"
                  , "Start Cycle":"394"
                  , "Latency":"4"
                  , "Reference":
                  [
                    {
                      "type":"text"
                      , "text":"See %L for more information"
                      , "links":
                      [
                        {
                          "guide":"Best Practices Guide : Load-Store Units"
                          , "link":"https://www.altera.com/documentation/mwh1391807516407.html#yeo1491314105959"
                        }
                      ]
                    }
                  ]
                }
              ]
            }
            , {
              "type":"inst"
              , "id":24
              , "name":"Load"
              , "debug":
              [
                [
                  {
                    "filename":"/home/bahram/Desktop/newFromScratch/SimpleKernel.cl"
                    , "line":116
                  }
                ]
              ]
              , "details":
              [
                {
                  "type":"table"
                  , "Width":"64 bits"
                  , "Type":"Pipelined"
                  , "Stall-free":"Yes"
                  , "Loads from":"heights_block"
                  , "Start Cycle":"394"
                  , "Latency":"4"
                  , "Reference":
                  [
                    {
                      "type":"text"
                      , "text":"See %L for more information"
                      , "links":
                      [
                        {
                          "guide":"Best Practices Guide : Load-Store Units"
                          , "link":"https://www.altera.com/documentation/mwh1391807516407.html#yeo1491314105959"
                        }
                      ]
                    }
                  ]
                }
              ]
            }
            , {
              "type":"inst"
              , "id":25
              , "name":"Load"
              , "debug":
              [
                [
                  {
                    "filename":"/home/bahram/Desktop/newFromScratch/SimpleKernel.cl"
                    , "line":119
                  }
                ]
              ]
              , "details":
              [
                {
                  "type":"table"
                  , "Width":"32 bits"
                  , "Type":"Pipelined"
                  , "Stall-free":"Yes"
                  , "Loads from":"heights_block"
                  , "Start Cycle":"394"
                  , "Latency":"4"
                  , "Reference":
                  [
                    {
                      "type":"text"
                      , "text":"See %L for more information"
                      , "links":
                      [
                        {
                          "guide":"Best Practices Guide : Load-Store Units"
                          , "link":"https://www.altera.com/documentation/mwh1391807516407.html#yeo1491314105959"
                        }
                      ]
                    }
                  ]
                }
              ]
            }
            , {
              "type":"inst"
              , "id":26
              , "name":"Load"
              , "debug":
              [
                [
                  {
                    "filename":"/home/bahram/Desktop/newFromScratch/SimpleKernel.cl"
                    , "line":124
                  }
                ]
              ]
              , "details":
              [
                {
                  "type":"table"
                  , "Width":"64 bits"
                  , "Type":"Pipelined"
                  , "Stall-free":"Yes"
                  , "Loads from":"heights_block"
                  , "Start Cycle":"394"
                  , "Latency":"4"
                  , "Reference":
                  [
                    {
                      "type":"text"
                      , "text":"See %L for more information"
                      , "links":
                      [
                        {
                          "guide":"Best Practices Guide : Load-Store Units"
                          , "link":"https://www.altera.com/documentation/mwh1391807516407.html#yeo1491314105959"
                        }
                      ]
                    }
                  ]
                }
              ]
            }
            , {
              "type":"inst"
              , "id":27
              , "name":"Store"
              , "debug":
              [
                [
                  {
                    "filename":"/home/bahram/Desktop/newFromScratch/SimpleKernel.cl"
                    , "line":139
                  }
                ]
              ]
              , "details":
              [
                {
                  "type":"table"
                  , "Width":"32 bits"
                  , "Type":"Burst-coalesced"
                  , "Stall-free":"No"
                  , "Start Cycle":"405"
                  , "Latency":"2"
                  , "Reference":
                  [
                    {
                      "type":"text"
                      , "text":"See %L for more information"
                      , "links":
                      [
                        {
                          "guide":"Best Practices Guide : Load-Store Units"
                          , "link":"https://www.altera.com/documentation/mwh1391807516407.html#yeo1491314105959"
                        }
                      ]
                    }
                  ]
                }
              ]
            }
            , {
              "type":"inst"
              , "id":28
              , "name":"begin"
              , "details":
              [
                {
                  "type":"table"
                  , "Start Cycle":"0"
                  , "Latency":"1"
                }
              ]
            }
            , {
              "type":"inst"
              , "id":29
              , "name":"end"
              , "details":
              [
                {
                  "type":"table"
                  , "Start Cycle":"407"
                  , "Latency":"1"
                }
              ]
            }
          ]
          , "details":
          [
            {
              "type":"table"
              , "Latency":"407"
            }
          ]
        }
        , {
          "type":"memtype"
          , "id":30
          , "name":"Local Memory"
          , "children":
          [
            {
              "type":"memsys"
              , "id":31
              , "name":"heights_block"
              , "debug":
              [
                [
                  {
                    "filename":"/home/bahram/Desktop/newFromScratch/SimpleKernel.cl"
                    , "line":32
                  }
                ]
              ]
              , "details":
              [
                {
                  "type":"table"
                  , "Requested size":"64 bytes"
                  , "Implemented size":"384 bytes"
                  , "Number of banks":"4"
                  , "Bank width":"128 bits"
                  , "Bank depth":"1 word"
                  , "Total replication":"6"
                  , "Additional Information":
                  [
                    {
                      "type":"text"
                      , "text":"Replicated 3 times to efficiently support multiple simultaneous workgroups"
                    }
                    , {
                      "type":"text"
                      , "text":"Replicated 2 times to efficiently support multiple accesses"
                    }
                    , {
                      "type":"text"
                      , "text":"Running memory at 2x clock to support more concurrent ports"
                    }
                  ]
                  , "Reference":
                  [
                    {
                      "type":"text"
                      , "text":"See %L for more information"
                      , "links":
                      [
                        {
                          "guide":"Best Practices Guide : Local Memory"
                          , "link":"https://www.altera.com/documentation/mwh1391807516407.html#chn1469549457114"
                        }
                      ]
                    }
                  ]
                }
              ]
            }
          ]
        }
      ]
    }
    , {
      "type":"memtype"
      , "id":1
      , "name":"Global Memory"
      , "children":
      [
        {
          "type":"memsys"
          , "id":52
          , "name":"Unknown name"
          , "details":
          [
            {
              "type":"table"
              , "Number of banks":"1"
            }
          ]
        }
      ]
    }
  ]
  , "links":
  [
    {
      "from":31
      , "to":15
    }
    , {
      "from":31
      , "to":16
    }
    , {
      "from":31
      , "to":17
    }
    , {
      "from":31
      , "to":18
    }
    , {
      "from":31
      , "to":19
    }
    , {
      "from":31
      , "to":20
    }
    , {
      "from":31
      , "to":21
    }
    , {
      "from":31
      , "to":22
    }
    , {
      "from":31
      , "to":23
    }
    , {
      "from":31
      , "to":24
    }
    , {
      "from":31
      , "to":25
    }
    , {
      "from":31
      , "to":26
    }
    , {
      "from":11
      , "to":31
    }
    , {
      "from":12
      , "to":31
    }
    , {
      "from":13
      , "to":31
    }
    , {
      "from":14
      , "to":31
    }
    , {
      "from":4
      , "to":29
    }
    , {
      "from":5
      , "to":29
    }
    , {
      "from":6
      , "to":29
    }
    , {
      "from":7
      , "to":29
    }
    , {
      "from":8
      , "to":29
    }
    , {
      "from":9
      , "to":29
    }
    , {
      "from":10
      , "to":29
    }
    , {
      "from":11
      , "to":29
    }
    , {
      "from":12
      , "to":29
    }
    , {
      "from":13
      , "to":29
    }
    , {
      "from":14
      , "to":29
    }
    , {
      "from":15
      , "to":29
    }
    , {
      "from":16
      , "to":29
    }
    , {
      "from":17
      , "to":29
    }
    , {
      "from":18
      , "to":29
    }
    , {
      "from":19
      , "to":29
    }
    , {
      "from":20
      , "to":29
    }
    , {
      "from":21
      , "to":29
    }
    , {
      "from":22
      , "to":29
    }
    , {
      "from":23
      , "to":29
    }
    , {
      "from":24
      , "to":29
    }
    , {
      "from":25
      , "to":29
    }
    , {
      "from":26
      , "to":29
    }
    , {
      "from":27
      , "to":29
    }
    , {
      "from":28
      , "to":4
    }
    , {
      "from":28
      , "to":5
    }
    , {
      "from":28
      , "to":6
    }
    , {
      "from":28
      , "to":7
    }
    , {
      "from":28
      , "to":8
    }
    , {
      "from":28
      , "to":9
    }
    , {
      "from":28
      , "to":10
    }
    , {
      "from":4
      , "to":11
    }
    , {
      "from":5
      , "to":11
    }
    , {
      "from":6
      , "to":11
    }
    , {
      "from":9
      , "to":12
    }
    , {
      "from":8
      , "to":13
    }
    , {
      "from":7
      , "to":14
    }
    , {
      "from":10
      , "to":14
    }
    , {
      "from":28
      , "to":15
    }
    , {
      "from":28
      , "to":16
    }
    , {
      "from":28
      , "to":17
    }
    , {
      "from":28
      , "to":18
    }
    , {
      "from":28
      , "to":19
    }
    , {
      "from":28
      , "to":20
    }
    , {
      "from":28
      , "to":21
    }
    , {
      "from":28
      , "to":22
    }
    , {
      "from":28
      , "to":23
    }
    , {
      "from":28
      , "to":24
    }
    , {
      "from":28
      , "to":25
    }
    , {
      "from":28
      , "to":26
    }
    , {
      "from":15
      , "to":27
    }
    , {
      "from":16
      , "to":27
    }
    , {
      "from":17
      , "to":27
    }
    , {
      "from":18
      , "to":27
    }
    , {
      "from":19
      , "to":27
    }
    , {
      "from":20
      , "to":27
    }
    , {
      "from":21
      , "to":27
    }
    , {
      "from":22
      , "to":27
    }
    , {
      "from":23
      , "to":27
    }
    , {
      "from":24
      , "to":27
    }
    , {
      "from":25
      , "to":27
    }
    , {
      "from":26
      , "to":27
    }
    , {
      "from":27
      , "to":52
    }
    , {
      "from":52
      , "to":9
    }
    , {
      "from":52
      , "to":8
    }
    , {
      "from":52
      , "to":10
    }
    , {
      "from":52
      , "to":6
    }
    , {
      "from":52
      , "to":7
    }
    , {
      "from":52
      , "to":5
    }
    , {
      "from":52
      , "to":4
    }
  ]
}
